created_at, updated_at
2024-07-01T19:43:31Z, 2024-07-01T19:52:37Z
2024-06-27T06:27:24Z, 2024-06-27T06:27:24Z
2024-06-27T00:18:49Z, 2024-06-27T13:19:19Z
2024-06-23T02:21:47Z, 2024-06-24T12:27:01Z
2024-06-22T11:14:36Z, 2024-07-01T08:27:38Z
2024-06-14T18:39:33Z, 2024-06-16T04:10:15Z
2024-06-14T09:22:54Z, 2024-06-18T12:47:06Z
2024-06-13T20:40:41Z, 2024-06-20T18:42:30Z
2024-06-13T17:45:37Z, 2024-07-01T13:43:48Z
2024-06-10T15:29:09Z, 2024-06-15T10:41:27Z
2024-06-06T19:59:05Z, 2024-06-06T20:01:51Z
2024-06-04T14:19:13Z, 2024-06-07T00:32:18Z
2024-05-31T05:32:01Z, 2024-05-31T23:13:55Z
2024-05-29T17:03:30Z, 2024-05-29T17:03:30Z
2024-05-29T16:37:36Z, 2024-06-20T22:33:08Z
2024-05-29T12:44:16Z, 2024-05-29T12:44:16Z
2024-05-29T09:16:03Z, 2024-06-03T20:27:57Z
2024-05-29T08:57:33Z, 2024-06-08T15:02:40Z
2024-05-25T03:47:26Z, 2024-05-25T03:47:26Z
2024-05-25T02:25:13Z, 2024-06-03T20:15:28Z
2024-05-23T06:00:51Z, 2024-05-24T22:23:18Z
2024-05-22T22:28:15Z, 2024-06-09T16:10:09Z
2024-05-21T12:08:31Z, 2024-06-03T20:05:09Z
2024-05-21T11:57:09Z, 2024-05-25T06:24:56Z
2024-05-21T11:19:48Z, 2024-05-24T23:13:02Z
2024-05-21T09:38:19Z, 2024-05-21T09:40:26Z
2024-05-20T10:21:44Z, 2024-05-25T13:59:45Z
2024-05-19T03:57:44Z, 2024-06-09T06:09:27Z
2024-05-19T02:48:48Z, 2024-06-03T18:33:35Z
2024-05-18T01:22:31Z, 2024-06-03T20:03:42Z
