number, created_at, updated_at, closed_at
30175, 2024-07-01T19:43:31Z, 2024-07-01T19:52:37Z, None
30143, 2024-06-30T06:10:41Z, 2024-07-01T08:32:07Z, 2024-07-01T08:32:07Z
30114, 2024-06-27T06:27:24Z, 2024-06-27T06:27:24Z, None
30113, 2024-06-27T00:18:49Z, 2024-06-27T13:19:19Z, None
30049, 2024-06-23T02:21:47Z, 2024-06-24T12:27:01Z, None
30041, 2024-06-22T11:14:36Z, 2024-07-01T08:27:38Z, None
29956, 2024-06-19T23:12:56Z, 2024-06-24T17:54:09Z, 2024-06-24T17:49:53Z
29904, 2024-06-15T03:59:31Z, 2024-06-15T03:59:43Z, 2024-06-15T03:59:42Z
29900, 2024-06-14T18:39:33Z, 2024-06-16T04:10:15Z, None
29895, 2024-06-14T09:22:54Z, 2024-06-18T12:47:06Z, None
29892, 2024-06-13T20:40:41Z, 2024-06-20T18:42:30Z, None
29890, 2024-06-13T17:45:37Z, 2024-07-01T13:43:48Z, None
29854, 2024-06-11T12:48:51Z, 2024-06-12T18:13:19Z, 2024-06-12T18:13:18Z
29832, 2024-06-10T15:29:09Z, 2024-06-15T10:41:27Z, None
29788, 2024-06-06T19:59:05Z, 2024-06-06T20:01:51Z, None
29755, 2024-06-04T14:19:13Z, 2024-06-07T00:32:18Z, None
29741, 2024-06-03T20:12:00Z, 2024-06-07T00:20:06Z, 2024-06-07T00:20:06Z
29724, 2024-06-03T11:21:16Z, 2024-06-05T18:46:31Z, 2024-06-05T10:17:37Z
29703, 2024-06-01T11:37:35Z, 2024-06-13T20:50:22Z, 2024-06-07T00:20:19Z
29677, 2024-05-31T05:32:01Z, 2024-05-31T23:13:55Z, None
29674, 2024-05-30T22:32:16Z, 2024-06-17T19:27:20Z, 2024-06-17T19:27:20Z
29651, 2024-05-29T17:03:30Z, 2024-05-29T17:03:30Z, None
29648, 2024-05-29T16:37:36Z, 2024-06-20T22:33:08Z, None
29647, 2024-05-29T12:44:16Z, 2024-05-29T12:44:16Z, None
29641, 2024-05-29T09:20:05Z, 2024-05-29T09:24:50Z, 2024-05-29T09:24:50Z
29640, 2024-05-29T09:16:03Z, 2024-06-03T20:27:57Z, None
29639, 2024-05-29T08:57:33Z, 2024-06-08T15:02:40Z, None
29604, 2024-05-28T09:55:35Z, 2024-05-28T09:55:50Z, 2024-05-28T09:55:49Z
29588, 2024-05-25T03:47:26Z, 2024-05-25T03:47:26Z, None
29587, 2024-05-25T02:25:13Z, 2024-06-03T20:15:28Z, None
29586, 2024-05-25T01:58:51Z, 2024-05-29T14:45:59Z, 2024-05-29T14:45:59Z
29583, 2024-05-24T16:33:58Z, 2024-05-25T14:50:48Z, 2024-05-25T00:52:00Z
29580, 2024-05-24T15:12:44Z, 2024-05-24T22:21:51Z, 2024-05-24T22:21:51Z
29227, 2024-05-23T06:00:51Z, 2024-05-24T22:23:18Z, None
29224, 2024-05-22T22:28:15Z, 2024-06-09T16:10:09Z, None
29202, 2024-05-21T19:05:46Z, 2024-05-22T22:50:37Z, 2024-05-22T16:35:46Z
29196, 2024-05-21T12:08:31Z, 2024-06-03T20:05:09Z, None
29195, 2024-05-21T11:57:09Z, 2024-05-25T06:24:56Z, None
29194, 2024-05-21T11:19:48Z, 2024-05-24T23:13:02Z, None
29191, 2024-05-21T09:38:19Z, 2024-05-21T09:40:26Z, None
29174, 2024-05-20T14:41:40Z, 2024-05-20T15:08:41Z, 2024-05-20T15:08:40Z
29172, 2024-05-20T10:21:44Z, 2024-05-25T13:59:45Z, None
29165, 2024-05-19T03:57:44Z, 2024-06-09T06:09:27Z, None
29164, 2024-05-19T02:48:48Z, 2024-06-03T18:33:35Z, None
29161, 2024-05-18T02:26:30Z, 2024-05-29T17:40:16Z, 2024-05-29T16:27:48Z
29160, 2024-05-18T01:22:31Z, 2024-06-03T20:03:42Z, None
29144, 2024-05-17T18:54:58Z, 2024-05-17T19:35:47Z, 2024-05-17T19:35:46Z
29018, 2024-05-08T00:40:11Z, 2024-05-15T16:03:25Z, None
28984, 2024-05-03T14:42:42Z, 2024-05-03T14:45:49Z, None
28960, 2024-04-30T20:09:34Z, 2024-05-16T07:45:23Z, 2024-05-02T20:08:42Z
28923, 2024-04-26T12:28:58Z, 2024-05-31T21:52:48Z, 2024-05-31T21:52:48Z
28915, 2024-04-25T22:21:44Z, 2024-06-01T20:41:01Z, 2024-04-26T17:02:11Z
28903, 2024-04-24T14:29:52Z, 2024-04-24T14:30:30Z, 2024-04-24T14:30:30Z
28862, 2024-04-18T06:12:03Z, 2024-04-18T20:52:40Z, 2024-04-18T20:52:39Z
28861, 2024-04-18T06:09:25Z, 2024-04-18T06:10:30Z, 2024-04-18T06:09:37Z
28839, 2024-04-15T11:56:03Z, 2024-04-15T16:01:35Z, 2024-04-15T14:37:39Z
28838, 2024-04-15T08:12:12Z, 2024-04-15T18:06:37Z, None
28787, 2024-04-09T01:55:40Z, 2024-04-09T13:26:54Z, None
28777, 2024-04-07T08:30:58Z, 2024-05-02T23:27:29Z, None
28767, 2024-04-05T15:34:48Z, 2024-04-28T21:47:52Z, None
28584, 2024-03-19T00:40:07Z, 2024-06-26T01:15:06Z, None
28556, 2024-03-14T07:30:03Z, 2024-03-20T15:15:24Z, 2024-03-20T15:15:24Z
28505, 2024-03-06T09:45:18Z, 2024-05-10T21:48:54Z, None
28485, 2024-03-04T15:21:28Z, 2024-03-04T15:21:43Z, 2024-03-04T15:21:41Z
28474, 2024-02-29T23:26:36Z, 2024-03-05T16:41:16Z, 2024-03-05T16:41:16Z
28443, 2024-02-26T13:36:59Z, 2024-06-21T23:56:01Z, None
28323, 2024-02-14T04:18:46Z, 2024-04-15T15:18:21Z, 2024-03-25T13:28:30Z
28230, 2024-02-04T01:57:48Z, 2024-02-05T14:04:51Z, 2024-02-05T14:00:36Z
28107, 2024-01-26T10:00:32Z, 2024-01-26T10:00:45Z, 2024-01-26T10:00:44Z
28081, 2024-01-25T13:47:50Z, 2024-01-25T13:48:08Z, 2024-01-25T13:48:08Z
28058, 2024-01-23T12:56:37Z, 2024-02-14T11:51:06Z, None
28035, 2024-01-21T06:48:34Z, 2024-01-23T16:45:11Z, 2024-01-23T13:20:29Z
27992, 2024-01-18T21:41:56Z, 2024-04-13T00:52:14Z, None
27989, 2024-01-18T20:06:13Z, 2024-02-06T16:45:19Z, 2024-02-06T16:45:19Z
27953, 2024-01-15T22:12:06Z, 2024-01-15T22:12:18Z, 2024-01-15T22:12:18Z
27938, 2024-01-15T13:25:29Z, 2024-06-07T18:49:30Z, None
27933, 2024-01-13T07:36:53Z, 2024-02-25T20:10:10Z, None
27908, 2024-01-09T10:48:50Z, 2024-01-11T18:10:53Z, 2024-01-11T18:10:53Z
27902, 2024-01-08T19:24:18Z, 2024-01-09T13:24:11Z, 2024-01-09T13:23:17Z
27889, 2024-01-07T05:08:52Z, 2024-03-14T15:59:55Z, 2024-02-22T11:42:53Z
27875, 2024-01-03T07:15:18Z, 2024-01-03T11:22:57Z, 2024-01-03T11:22:57Z
27872, 2024-01-02T20:13:02Z, 2024-04-05T12:25:10Z, None
27851, 2023-12-20T09:02:13Z, 2024-06-27T13:37:00Z, 2024-06-27T13:29:28Z
27834, 2023-12-13T18:28:15Z, 2024-01-02T13:47:56Z, 2024-01-02T13:47:49Z
27832, 2023-12-12T23:10:09Z, 2023-12-12T23:19:57Z, 2023-12-12T23:10:22Z
27822, 2023-12-09T03:42:50Z, 2023-12-09T03:43:03Z, 2023-12-09T03:43:02Z
27791, 2023-12-04T21:26:04Z, 2024-02-21T16:14:33Z, None
27789, 2023-12-04T20:14:44Z, 2023-12-04T20:14:44Z, None
27782, 2023-12-04T02:59:38Z, 2023-12-04T02:59:53Z, 2023-12-04T02:59:53Z
27780, 2023-12-03T11:48:56Z, 2023-12-03T11:49:10Z, 2023-12-03T11:49:10Z
27764, 2023-11-30T14:48:38Z, 2023-12-11T23:23:03Z, None
27762, 2023-11-30T05:56:38Z, 2024-01-01T13:48:54Z, None
27758, 2023-11-29T09:17:59Z, 2023-12-04T16:11:28Z, None
27757, 2023-11-29T07:57:33Z, 2023-11-29T07:57:50Z, 2023-11-29T07:57:50Z
27756, 2023-11-29T05:57:58Z, 2023-12-05T03:21:00Z, 2023-12-05T03:20:59Z
27752, 2023-11-28T04:02:42Z, 2024-06-03T09:55:58Z, 2023-12-10T02:51:44Z
27749, 2023-11-27T09:33:31Z, 2024-03-27T17:04:09Z, None
27728, 2023-11-20T07:58:56Z, 2024-06-25T02:24:11Z, None
27724, 2023-11-17T19:44:51Z, 2024-01-07T05:22:53Z, None
27705, 2023-11-15T06:18:55Z, 2024-05-06T15:13:31Z, None
27578, 2023-10-25T01:09:57Z, 2023-10-25T08:26:41Z, 2023-10-25T08:25:55Z
27567, 2023-10-23T02:53:22Z, 2023-10-23T02:53:35Z, 2023-10-23T02:53:35Z
27547, 2023-10-19T10:43:23Z, 2023-10-19T10:44:22Z, 2023-10-19T10:44:21Z
27391, 2023-09-18T20:36:14Z, 2024-05-02T11:06:29Z, 2024-05-02T11:06:29Z
27335, 2023-09-05T12:53:45Z, 2023-10-22T08:34:10Z, None
27285, 2023-08-26T06:33:37Z, 2023-08-26T06:33:49Z, 2023-08-26T06:33:49Z
27244, 2023-08-18T06:09:09Z, 2024-06-27T13:23:09Z, 2024-06-27T13:23:09Z
27211, 2023-08-10T21:49:58Z, 2023-09-11T20:02:57Z, None
27193, 2023-08-05T08:23:33Z, 2023-11-16T11:36:17Z, 2023-11-16T11:36:17Z
27186, 2023-08-04T06:23:24Z, 2023-08-11T14:35:47Z, None
27185, 2023-08-03T20:36:23Z, 2023-10-14T11:48:10Z, None
27177, 2023-08-02T02:26:00Z, 2023-08-22T17:54:34Z, 2023-08-22T17:54:34Z
27163, 2023-07-28T05:16:12Z, 2023-07-28T05:16:24Z, 2023-07-28T05:16:24Z
27158, 2023-07-27T06:49:02Z, 2024-03-01T16:44:12Z, None
27128, 2023-07-19T12:10:45Z, 2024-04-08T10:56:51Z, None
27121, 2023-07-18T13:14:35Z, 2023-08-02T08:34:25Z, None
27119, 2023-07-17T22:43:05Z, 2023-10-05T15:53:11Z, 2023-08-29T11:09:28Z
27112, 2023-07-13T21:58:31Z, 2023-08-01T11:11:45Z, 2023-08-01T11:11:45Z
27111, 2023-07-13T19:01:47Z, 2023-07-13T19:02:02Z, 2023-07-13T19:02:02Z
27025, 2023-06-29T23:13:56Z, 2024-06-27T15:11:44Z, None
27021, 2023-06-28T08:04:02Z, 2023-07-13T12:40:44Z, None
26944, 2023-06-14T02:31:20Z, 2023-06-14T02:31:34Z, 2023-06-14T02:31:34Z
26928, 2023-06-12T15:59:02Z, 2023-06-19T01:27:00Z, None
26911, 2023-06-07T17:26:43Z, 2023-08-29T09:40:04Z, 2023-08-29T09:40:04Z
26903, 2023-06-05T15:18:44Z, 2023-06-13T11:44:59Z, None
26895, 2023-06-03T11:29:44Z, 2023-06-03T11:29:58Z, 2023-06-03T11:29:58Z
26886, 2023-06-01T15:25:07Z, 2024-02-24T15:09:50Z, None
26876, 2023-05-31T15:17:41Z, 2023-09-21T04:57:11Z, 2023-09-21T04:57:11Z
26860, 2023-05-26T12:03:19Z, 2023-08-04T07:42:43Z, 2023-08-04T07:42:43Z
26821, 2023-05-16T18:27:09Z, 2023-05-17T12:34:36Z, 2023-05-17T12:34:36Z
26797, 2023-05-09T15:33:15Z, 2023-05-15T13:21:00Z, 2023-05-15T13:12:07Z
26794, 2023-05-08T16:35:24Z, 2023-05-08T18:03:32Z, 2023-05-08T18:02:52Z
26793, 2023-05-08T06:59:51Z, 2023-08-03T19:02:20Z, 2023-08-03T19:02:20Z
26787, 2023-05-06T23:03:50Z, 2023-05-17T10:40:52Z, 2023-05-17T10:40:52Z
26759, 2023-05-02T13:23:54Z, 2023-05-02T13:24:08Z, 2023-05-02T13:24:08Z
26758, 2023-05-02T12:21:37Z, 2023-05-19T09:09:07Z, None
26756, 2023-05-02T03:53:41Z, 2023-05-04T08:05:50Z, 2023-05-03T16:27:41Z
26723, 2023-04-25T04:16:47Z, 2023-04-25T16:06:31Z, 2023-04-25T04:17:01Z
26709, 2023-04-24T07:00:55Z, 2023-04-24T17:14:38Z, 2023-04-24T16:56:08Z
26697, 2023-04-21T21:27:01Z, 2023-05-22T12:02:49Z, 2023-04-25T20:56:46Z
26670, 2023-04-19T09:57:00Z, 2024-04-06T20:26:04Z, None
26612, 2023-04-12T17:25:07Z, 2023-07-24T11:42:06Z, None
26565, 2023-04-07T09:03:43Z, 2023-04-07T09:03:58Z, 2023-04-07T09:03:58Z
26556, 2023-04-05T14:03:28Z, 2023-04-05T14:03:44Z, 2023-04-05T14:03:44Z
26548, 2023-04-04T12:09:08Z, 2023-04-13T06:48:24Z, 2023-04-13T06:48:24Z
26500, 2023-03-28T19:02:59Z, 2023-04-12T15:12:06Z, 2023-04-12T15:12:06Z
26465, 2023-03-23T07:36:11Z, 2024-03-26T15:03:39Z, None
26462, 2023-03-22T18:12:35Z, 2023-03-28T20:47:28Z, 2023-03-28T20:47:28Z
26417, 2023-03-17T16:54:47Z, 2023-03-17T16:55:01Z, 2023-03-17T16:55:01Z
26386, 2023-03-14T19:55:26Z, 2023-03-14T19:55:44Z, 2023-03-14T19:55:44Z
26385, 2023-03-14T14:03:16Z, 2023-04-02T22:48:30Z, 2023-04-02T22:48:30Z
26340, 2023-03-08T13:15:00Z, 2023-05-23T15:32:59Z, None
26295, 2023-03-03T19:05:34Z, 2023-04-16T09:49:55Z, 2023-04-16T09:49:52Z
26226, 2023-02-24T04:32:07Z, 2023-03-16T01:10:54Z, 2023-03-16T01:10:54Z
26221, 2023-02-23T04:42:56Z, 2023-02-24T15:31:48Z, 2023-02-24T15:31:47Z
26178, 2023-02-16T13:31:28Z, 2023-02-16T13:31:43Z, 2023-02-16T13:31:43Z
26149, 2023-02-10T17:36:03Z, 2023-06-25T02:52:35Z, 2023-02-24T03:07:00Z
26128, 2023-02-08T15:00:05Z, 2023-02-09T12:35:26Z, 2023-02-09T12:35:25Z
26102, 2023-02-03T16:17:32Z, 2023-02-08T21:08:57Z, 2023-02-08T16:31:58Z
26095, 2023-02-02T08:53:46Z, 2023-05-12T21:18:05Z, 2023-05-12T21:18:05Z
26077, 2023-01-30T03:38:53Z, 2023-01-30T05:23:10Z, 2023-01-30T05:23:09Z
26052, 2023-01-26T04:46:27Z, 2023-05-17T19:34:02Z, None
26051, 2023-01-26T00:43:30Z, 2023-01-28T16:19:34Z, 2023-01-27T20:35:08Z
26045, 2023-01-25T11:39:56Z, 2023-04-09T08:07:36Z, 2023-04-09T08:07:35Z
26042, 2023-01-25T07:31:53Z, 2023-03-01T20:15:14Z, 2023-03-01T20:15:13Z
26024, 2023-01-19T23:00:02Z, 2023-01-23T17:52:13Z, 2023-01-23T17:52:12Z
26022, 2023-01-19T15:35:41Z, 2023-04-20T20:17:55Z, None
26009, 2023-01-17T12:36:08Z, 2023-03-18T07:12:19Z, None
25986, 2023-01-11T16:52:42Z, 2023-01-11T16:52:58Z, 2023-01-11T16:52:58Z
25964, 2023-01-05T08:46:14Z, 2023-02-24T20:06:29Z, 2023-02-24T20:06:29Z
25950, 2022-12-30T16:55:49Z, 2022-12-30T16:57:21Z, 2022-12-30T16:56:03Z
25928, 2022-12-23T10:05:15Z, 2023-02-06T09:18:34Z, None
25897, 2022-12-16T16:09:56Z, 2023-01-16T10:52:09Z, 2023-01-11T22:13:13Z
25886, 2022-12-15T02:09:43Z, 2023-08-18T19:55:28Z, None
25884, 2022-12-14T15:57:37Z, 2024-04-05T19:04:25Z, None
25882, 2022-12-13T21:44:57Z, 2022-12-13T21:44:57Z, None
25879, 2022-12-13T11:39:55Z, 2023-10-15T17:47:52Z, 2023-03-10T16:25:44Z
25874, 2022-12-12T11:58:23Z, 2024-05-06T14:32:27Z, None
25872, 2022-12-11T20:37:37Z, 2023-02-02T07:39:57Z, 2023-01-19T01:30:00Z
25870, 2022-12-11T00:02:00Z, 2022-12-11T00:02:14Z, 2022-12-11T00:02:14Z
25858, 2022-12-09T00:22:26Z, 2022-12-09T00:22:40Z, 2022-12-09T00:22:40Z
25843, 2022-12-07T13:16:17Z, 2024-02-19T14:33:11Z, None
25833, 2022-12-06T22:06:00Z, 2022-12-08T15:07:39Z, None
25819, 2022-12-06T11:31:26Z, 2022-12-06T11:31:55Z, 2022-12-06T11:31:55Z
25813, 2022-12-06T00:35:54Z, 2023-02-24T03:48:47Z, 2023-02-24T03:48:46Z
25808, 2022-12-05T15:47:21Z, 2022-12-05T15:47:37Z, 2022-12-05T15:47:37Z
25807, 2022-12-05T11:14:05Z, 2022-12-05T11:14:19Z, 2022-12-05T11:14:19Z
25806, 2022-12-05T10:48:01Z, 2023-03-03T19:07:12Z, 2023-03-03T19:07:12Z
25804, 2022-12-05T07:33:55Z, 2022-12-07T21:32:59Z, 2022-12-07T21:32:59Z
25800, 2022-12-04T16:36:01Z, 2022-12-04T16:36:16Z, 2022-12-04T16:36:16Z
25799, 2022-12-04T14:37:52Z, 2022-12-04T14:38:07Z, 2022-12-04T14:38:07Z
25797, 2022-12-04T06:45:46Z, 2022-12-07T21:33:13Z, 2022-12-07T21:33:12Z
25796, 2022-12-04T04:50:33Z, 2022-12-04T04:50:48Z, 2022-12-04T04:50:48Z
25792, 2022-12-02T23:53:37Z, 2022-12-02T23:53:51Z, 2022-12-02T23:53:51Z
25785, 2022-12-02T11:52:24Z, 2022-12-07T21:33:22Z, 2022-12-07T21:33:22Z
25784, 2022-12-02T09:38:22Z, 2022-12-02T09:38:35Z, 2022-12-02T09:38:35Z
25769, 2022-12-01T18:35:20Z, 2022-12-07T14:46:59Z, 2022-12-07T14:46:59Z
25766, 2022-12-01T15:31:57Z, 2022-12-01T15:32:14Z, 2022-12-01T15:32:14Z
25761, 2022-12-01T05:41:21Z, 2022-12-01T05:41:36Z, 2022-12-01T05:41:36Z
25759, 2022-12-01T04:52:51Z, 2022-12-01T04:53:06Z, 2022-12-01T04:53:06Z
25755, 2022-12-01T01:49:52Z, 2022-12-08T01:11:33Z, 2022-12-08T01:11:33Z
25733, 2022-11-23T19:42:45Z, 2022-11-23T19:45:34Z, None
25719, 2022-11-21T16:13:39Z, 2022-11-21T16:44:41Z, None
25667, 2022-11-11T12:15:45Z, 2023-03-08T03:31:56Z, 2023-03-08T03:31:56Z
25613, 2022-11-02T15:46:40Z, 2022-11-02T15:46:52Z, 2022-11-02T15:46:52Z
25564, 2022-10-25T19:39:07Z, 2022-10-31T08:42:48Z, None
25497, 2022-10-17T08:20:47Z, 2022-10-17T08:21:02Z, 2022-10-17T08:21:02Z
25487, 2022-10-16T08:35:57Z, 2022-12-07T21:39:18Z, 2022-12-07T21:39:18Z
25447, 2022-10-07T20:28:41Z, 2024-04-12T14:58:48Z, None
25439, 2022-10-06T05:33:48Z, 2022-10-06T05:34:02Z, 2022-10-06T05:34:02Z
25427, 2022-10-05T09:00:01Z, 2023-03-16T03:42:24Z, None
25415, 2022-10-04T15:31:21Z, 2024-04-16T22:52:43Z, None
25367, 2022-09-30T15:42:26Z, 2023-02-06T15:55:08Z, None
25262, 2022-09-14T07:38:20Z, 2024-06-27T13:23:54Z, None
25234, 2022-09-11T10:20:47Z, 2022-10-20T22:39:06Z, 2022-09-13T18:24:58Z
25228, 2022-09-09T22:42:43Z, 2022-09-14T17:51:44Z, 2022-09-14T17:51:43Z
25195, 2022-09-06T20:59:52Z, 2022-09-06T21:00:06Z, 2022-09-06T21:00:06Z
25187, 2022-09-05T03:06:52Z, 2022-09-07T17:21:31Z, 2022-09-07T17:21:31Z
25180, 2022-09-03T02:10:05Z, 2022-09-09T20:22:46Z, 2022-09-09T20:22:35Z
25178, 2022-09-02T21:14:12Z, 2023-04-25T15:56:22Z, None
25149, 2022-08-27T04:07:01Z, 2023-02-06T18:29:54Z, None
25129, 2022-08-23T10:14:02Z, 2023-02-24T07:07:24Z, 2023-02-24T07:07:24Z
25090, 2022-08-12T09:17:28Z, 2022-08-12T09:17:43Z, 2022-08-12T09:17:43Z
25081, 2022-08-11T13:08:10Z, 2022-08-17T21:11:20Z, 2022-08-17T21:11:20Z
25062, 2022-08-08T08:11:43Z, 2022-09-06T23:07:34Z, 2022-09-06T23:07:34Z
25038, 2022-08-04T06:35:26Z, 2024-04-03T12:30:13Z, None
25033, 2022-08-03T08:42:51Z, 2023-12-13T02:58:08Z, None
25007, 2022-07-29T12:33:34Z, 2024-01-14T19:09:31Z, None
24996, 2022-07-27T06:25:25Z, 2022-07-27T06:25:42Z, 2022-07-27T06:25:42Z
24980, 2022-07-24T12:53:21Z, 2024-04-04T02:43:59Z, 2022-08-17T20:17:37Z
24965, 2022-07-20T15:32:03Z, 2022-07-21T00:55:30Z, 2022-07-21T00:55:08Z
24949, 2022-07-18T06:27:41Z, 2022-09-06T23:03:43Z, 2022-09-06T23:03:43Z
24932, 2022-07-15T06:54:26Z, 2022-07-27T12:31:40Z, 2022-07-27T12:31:40Z
24874, 2022-07-07T20:18:39Z, 2022-07-12T21:41:25Z, 2022-07-12T21:41:25Z
24870, 2022-07-07T17:02:35Z, 2022-07-12T21:35:59Z, 2022-07-12T21:35:59Z
24864, 2022-07-06T23:05:13Z, 2022-07-08T12:13:29Z, 2022-07-08T12:13:29Z
24844, 2022-07-05T03:46:47Z, 2022-11-23T18:52:51Z, 2022-07-08T08:36:50Z
24818, 2022-06-30T06:01:54Z, 2022-07-05T14:15:43Z, 2022-07-05T14:15:43Z
24807, 2022-06-29T02:11:00Z, 2022-06-29T02:11:19Z, 2022-06-29T02:11:19Z
24791, 2022-06-26T11:54:31Z, 2024-06-22T10:36:28Z, None
24781, 2022-06-23T17:43:19Z, 2023-04-03T10:32:19Z, 2023-04-03T10:32:19Z
24740, 2022-06-16T17:25:12Z, 2024-04-19T09:53:03Z, None
24731, 2022-06-15T16:17:24Z, 2023-11-07T10:38:26Z, None
24690, 2022-06-08T13:57:18Z, 2022-06-08T14:19:03Z, 2022-06-08T14:19:03Z
24687, 2022-06-07T23:04:48Z, 2022-06-07T23:05:04Z, 2022-06-07T23:05:04Z
24682, 2022-06-07T13:55:22Z, 2024-06-19T19:34:33Z, 2024-06-19T19:34:33Z
24674, 2022-06-05T03:26:15Z, 2022-06-05T05:48:45Z, 2022-06-05T05:48:45Z
24655, 2022-06-01T23:32:17Z, 2022-08-08T20:15:54Z, None
24634, 2022-05-28T19:25:52Z, 2022-06-20T01:17:31Z, None
24626, 2022-05-26T22:56:27Z, 2023-02-17T19:39:23Z, 2022-06-02T20:02:49Z
24623, 2022-05-26T02:08:32Z, 2022-06-17T18:43:10Z, 2022-06-17T18:43:10Z
24608, 2022-05-24T10:54:44Z, 2022-10-27T14:05:10Z, None
24603, 2022-05-23T20:29:50Z, 2022-06-10T14:38:33Z, 2022-06-10T14:38:33Z
24600, 2022-05-23T18:43:13Z, 2024-03-18T23:30:03Z, None
24592, 2022-05-22T03:31:38Z, 2022-05-25T21:15:32Z, None
24581, 2022-05-19T06:17:14Z, 2022-05-19T06:17:36Z, 2022-05-19T06:17:36Z
24560, 2022-05-15T03:32:07Z, 2023-03-13T11:25:04Z, None
24559, 2022-05-14T15:57:43Z, 2022-05-16T13:33:07Z, 2022-05-14T21:35:24Z
24549, 2022-05-12T18:21:01Z, 2022-05-16T19:27:47Z, 2022-05-13T13:22:44Z
24548, 2022-05-12T16:28:24Z, 2022-05-12T16:30:30Z, 2022-05-12T16:30:08Z
24543, 2022-05-12T09:55:13Z, 2022-05-13T13:23:52Z, 2022-05-12T14:29:36Z
24539, 2022-05-11T10:41:10Z, 2022-06-08T20:01:07Z, 2022-06-08T20:01:07Z
24538, 2022-05-11T08:52:21Z, 2023-03-28T15:35:12Z, 2023-03-28T15:35:11Z
24511, 2022-05-07T00:26:58Z, 2022-05-08T00:47:51Z, 2022-05-08T00:47:51Z
24469, 2022-04-29T14:22:45Z, 2023-07-28T16:50:19Z, None
24458, 2022-04-28T14:39:31Z, 2022-05-12T16:58:18Z, 2022-05-12T16:58:18Z
24441, 2022-04-26T14:07:21Z, 2022-05-05T15:46:57Z, 2022-05-05T15:46:57Z
24437, 2022-04-25T19:40:15Z, 2022-09-28T08:01:04Z, 2022-09-28T08:00:37Z
24428, 2022-04-23T16:38:15Z, 2022-05-04T20:25:28Z, 2022-05-04T20:25:28Z
24418, 2022-04-21T14:08:39Z, 2022-04-21T14:08:59Z, 2022-04-21T14:08:59Z
24417, 2022-04-21T14:05:31Z, 2024-06-04T13:45:34Z, 2022-05-04T18:50:47Z
24391, 2022-04-17T08:53:53Z, 2024-01-11T17:07:26Z, None
24384, 2022-04-15T16:28:29Z, 2023-05-19T07:29:00Z, 2022-05-03T19:31:17Z
24370, 2022-04-13T19:42:01Z, 2022-04-14T17:32:23Z, 2022-04-14T17:32:22Z
24350, 2022-04-12T15:27:31Z, 2022-04-27T00:12:27Z, 2022-04-12T19:39:00Z
24302, 2022-04-07T20:49:39Z, 2022-04-14T16:30:04Z, 2022-04-14T16:30:04Z
24280, 2022-04-05T14:21:22Z, 2022-04-28T13:36:04Z, 2022-04-11T22:47:46Z
24279, 2022-04-05T13:03:48Z, 2022-11-05T11:46:18Z, 2022-04-07T23:22:47Z
24270, 2022-04-04T00:59:24Z, 2023-07-01T20:40:20Z, 2022-04-04T15:23:59Z
24268, 2022-04-03T15:14:27Z, 2022-04-11T20:43:16Z, 2022-04-11T20:43:16Z
24267, 2022-04-03T15:03:00Z, 2022-04-06T12:36:27Z, 2022-04-06T09:39:43Z
24221, 2022-03-30T17:31:05Z, 2022-04-27T00:09:19Z, 2022-04-05T01:56:35Z
24215, 2022-03-30T15:10:06Z, 2022-04-27T19:10:26Z, 2022-04-27T19:10:26Z
24203, 2022-03-29T23:03:55Z, 2022-04-08T11:55:45Z, 2022-04-07T17:06:35Z
24182, 2022-03-27T21:59:08Z, 2022-03-29T15:16:40Z, 2022-03-29T15:16:39Z
24162, 2022-03-25T13:05:28Z, 2022-03-28T18:25:31Z, 2022-03-28T18:25:31Z
24142, 2022-03-22T06:19:18Z, 2022-03-24T13:07:47Z, 2022-03-23T21:05:20Z
24136, 2022-03-21T02:39:00Z, 2023-01-05T14:44:28Z, None
24134, 2022-03-20T08:18:43Z, 2022-03-20T08:23:59Z, 2022-03-20T08:23:59Z
24094, 2022-03-14T17:50:04Z, 2024-02-28T07:01:26Z, 2022-03-14T19:31:49Z
24089, 2022-03-13T23:31:26Z, 2022-03-14T13:35:16Z, 2022-03-14T13:35:08Z
24064, 2022-03-09T16:54:32Z, 2022-03-09T18:26:10Z, None
24032, 2022-03-04T20:49:02Z, 2022-03-07T18:34:11Z, 2022-03-07T18:34:11Z
23373, 2022-02-26T13:41:36Z, 2022-03-10T18:37:50Z, 2022-03-10T18:36:47Z
23324, 2022-02-18T02:40:21Z, 2023-11-14T08:21:00Z, None
23317, 2022-02-17T11:33:33Z, 2022-03-14T13:35:55Z, 2022-03-14T13:35:55Z
23307, 2022-02-16T04:09:44Z, 2022-10-21T13:48:46Z, 2022-03-15T18:21:35Z
23306, 2022-02-16T00:14:02Z, 2022-08-24T14:22:13Z, None
23303, 2022-02-15T20:08:08Z, 2022-02-22T09:36:57Z, 2022-02-18T20:08:21Z
23301, 2022-02-15T17:00:06Z, 2024-05-09T07:08:51Z, None
23299, 2022-02-15T11:16:40Z, 2024-03-16T15:03:36Z, None
23286, 2022-02-13T08:52:26Z, 2022-02-15T06:12:15Z, 2022-02-14T21:14:12Z
23283, 2022-02-12T23:29:52Z, 2022-03-10T18:37:53Z, 2022-03-10T18:35:52Z
23259, 2022-02-09T05:24:38Z, 2022-02-09T05:24:51Z, 2022-02-09T05:24:51Z
23248, 2022-02-08T03:35:55Z, 2023-03-23T12:30:57Z, None
23230, 2022-02-03T03:56:20Z, 2022-10-27T16:38:14Z, None
23226, 2022-02-02T14:43:14Z, 2023-05-17T02:22:30Z, None
23225, 2022-02-02T10:58:47Z, 2022-03-17T19:40:04Z, 2022-03-17T19:40:04Z
23202, 2022-01-27T21:13:43Z, 2022-10-13T11:15:23Z, None
23162, 2022-01-21T15:54:01Z, 2023-05-26T16:39:56Z, 2022-01-21T16:05:50Z
23155, 2022-01-20T18:17:36Z, 2022-01-21T10:33:41Z, 2022-01-20T20:37:45Z
23138, 2022-01-18T20:59:20Z, 2022-01-18T22:56:47Z, 2022-01-18T22:56:38Z
23130, 2022-01-17T16:15:21Z, 2022-01-17T16:15:21Z, None
23124, 2022-01-16T14:57:01Z, 2022-01-16T17:57:07Z, 2022-01-16T17:56:47Z
23119, 2022-01-15T21:52:53Z, 2022-01-15T21:58:19Z, 2022-01-15T21:53:08Z
23114, 2022-01-14T23:20:34Z, 2022-04-29T15:38:48Z, 2022-04-29T15:38:48Z
23107, 2022-01-14T05:36:41Z, 2022-01-18T19:46:37Z, 2022-01-14T17:24:48Z
23100, 2022-01-12T17:44:05Z, 2023-01-14T12:54:12Z, None
23099, 2022-01-12T07:40:24Z, 2022-01-15T12:19:39Z, 2022-01-12T13:48:24Z
23089, 2022-01-10T17:54:13Z, 2022-01-24T18:11:58Z, 2022-01-24T17:52:51Z
23070, 2022-01-05T11:49:06Z, 2022-01-05T11:49:20Z, 2022-01-05T11:49:20Z
23052, 2021-12-31T11:30:47Z, 2021-12-31T11:30:47Z, None
23049, 2021-12-30T21:12:29Z, 2022-01-24T15:07:07Z, 2022-01-21T15:38:58Z
23035, 2021-12-27T20:33:10Z, 2022-01-12T13:48:41Z, 2022-01-12T13:48:32Z
23030, 2021-12-25T22:22:58Z, 2021-12-26T02:02:21Z, 2021-12-26T00:43:08Z
23009, 2021-12-21T09:06:07Z, 2021-12-21T09:06:24Z, 2021-12-21T09:06:24Z
22985, 2021-12-18T07:08:12Z, 2021-12-18T07:16:56Z, 2021-12-18T07:08:25Z
22973, 2021-12-16T00:54:41Z, 2021-12-16T03:59:13Z, 2021-12-16T03:59:08Z
22972, 2021-12-15T22:22:47Z, 2021-12-17T13:50:52Z, 2021-12-17T13:50:51Z
22970, 2021-12-15T20:20:58Z, 2022-01-24T15:07:22Z, 2022-01-21T16:05:49Z
22963, 2021-12-15T06:16:59Z, 2021-12-15T15:53:42Z, 2021-12-15T14:17:26Z
22961, 2021-12-15T04:44:55Z, 2021-12-15T09:09:15Z, 2021-12-15T04:45:46Z
22959, 2021-12-15T03:33:08Z, 2021-12-15T15:08:40Z, 2021-12-15T04:28:57Z
22958, 2021-12-15T00:54:52Z, 2021-12-15T04:54:44Z, 2021-12-15T04:45:46Z
22944, 2021-12-12T22:54:31Z, 2023-03-16T03:55:36Z, 2021-12-13T14:05:28Z
22871, 2021-12-05T23:35:15Z, 2021-12-11T10:30:43Z, 2021-12-10T16:00:11Z
22865, 2021-12-03T22:06:42Z, 2021-12-04T18:46:11Z, 2021-12-04T18:46:11Z
22847, 2021-11-30T14:06:08Z, 2023-09-04T15:53:36Z, None
22834, 2021-11-26T00:52:17Z, 2021-12-09T21:10:15Z, 2021-12-09T20:32:11Z
22828, 2021-11-25T06:10:38Z, 2021-11-25T18:26:19Z, None
22809, 2021-11-22T22:10:53Z, 2021-11-22T22:32:59Z, 2021-11-22T22:32:35Z
22800, 2021-11-21T13:24:29Z, 2021-11-21T14:34:38Z, 2021-11-21T14:34:38Z
22796, 2021-11-20T12:40:28Z, 2024-04-30T06:43:22Z, 2023-01-12T12:17:18Z
22784, 2021-11-17T10:35:28Z, 2021-11-23T23:45:36Z, 2021-11-23T23:45:35Z
22770, 2021-11-15T21:35:11Z, 2021-11-22T16:07:14Z, 2021-11-22T16:07:14Z
22759, 2021-11-15T10:16:20Z, 2021-11-15T10:16:35Z, 2021-11-15T10:16:35Z
22741, 2021-11-11T08:34:48Z, 2021-11-15T15:51:47Z, 2021-11-15T15:51:47Z
22734, 2021-11-10T02:20:05Z, 2021-11-20T15:39:01Z, 2021-11-20T15:39:01Z
22731, 2021-11-09T20:45:50Z, 2022-04-17T19:27:21Z, None
22727, 2021-11-09T06:08:26Z, 2022-12-10T07:44:22Z, None
22718, 2021-11-07T19:48:36Z, 2022-11-04T23:41:11Z, None
22703, 2021-11-05T11:16:58Z, 2021-11-09T13:27:43Z, None
22702, 2021-11-05T07:42:28Z, 2024-05-05T07:57:38Z, None
22689, 2021-11-03T18:31:39Z, 2021-12-21T19:37:00Z, 2021-12-21T19:31:43Z
22686, 2021-11-03T15:37:15Z, 2021-11-04T14:22:26Z, 2021-11-04T14:22:26Z
22685, 2021-11-03T14:06:08Z, 2022-02-18T17:10:20Z, 2022-02-18T17:10:20Z
22656, 2021-10-30T04:24:28Z, 2023-06-03T21:49:50Z, None
22650, 2021-10-28T23:37:02Z, 2023-06-14T08:13:38Z, None
22636, 2021-10-27T16:49:04Z, 2022-04-27T05:37:18Z, None
22630, 2021-10-26T16:59:53Z, 2024-01-22T15:57:10Z, 2021-10-27T17:14:04Z
22612, 2021-10-21T16:24:25Z, 2021-10-21T19:10:52Z, 2021-10-21T19:10:52Z
22611, 2021-10-21T02:09:18Z, 2022-02-06T09:41:19Z, 2021-11-04T13:40:13Z
22603, 2021-10-20T17:56:50Z, 2024-06-03T09:02:58Z, None
22596, 2021-10-20T08:46:39Z, 2021-10-20T13:03:36Z, 2021-10-20T13:03:35Z
22591, 2021-10-19T22:09:48Z, 2021-11-04T15:46:53Z, 2021-11-04T15:46:52Z
22577, 2021-10-18T10:24:54Z, 2021-11-08T14:19:54Z, 2021-11-03T14:35:42Z
22572, 2021-10-15T20:09:41Z, 2021-10-15T21:18:20Z, 2021-10-15T21:18:20Z
22570, 2021-10-15T19:16:38Z, 2021-10-21T20:04:12Z, 2021-10-20T16:23:55Z
22558, 2021-10-14T14:11:25Z, 2021-10-15T16:54:24Z, 2021-10-15T16:54:24Z
22526, 2021-10-08T13:01:20Z, 2021-10-08T13:01:34Z, 2021-10-08T13:01:34Z
22488, 2021-10-02T13:53:08Z, 2022-01-24T15:07:31Z, 2022-01-24T14:21:53Z
22479, 2021-10-01T13:24:11Z, 2021-10-01T15:50:37Z, 2021-10-01T13:29:17Z
22459, 2021-09-29T08:43:19Z, 2022-07-02T19:44:24Z, 2022-01-18T18:25:35Z
22422, 2021-09-24T20:15:48Z, 2021-09-27T17:34:39Z, 2021-09-27T17:34:39Z
22413, 2021-09-24T10:11:29Z, 2021-11-09T20:25:38Z, 2021-11-09T20:22:19Z
22344, 2021-09-17T13:52:27Z, 2021-09-17T13:52:43Z, 2021-09-17T13:52:43Z
22333, 2021-09-16T05:45:36Z, 2021-11-15T15:51:57Z, 2021-11-15T15:51:57Z
22328, 2021-09-15T19:15:59Z, 2021-12-29T16:38:59Z, 2021-09-17T02:14:55Z
22327, 2021-09-15T19:14:01Z, 2021-09-15T19:14:19Z, 2021-09-15T19:14:19Z
22319, 2021-09-14T21:35:28Z, 2021-12-04T10:55:44Z, None
22311, 2021-09-14T15:08:34Z, 2021-09-21T21:58:45Z, 2021-09-21T21:58:45Z
22293, 2021-09-10T21:18:32Z, 2021-09-17T13:52:52Z, 2021-09-17T13:52:52Z
22269, 2021-09-08T07:31:12Z, 2021-09-08T07:31:25Z, 2021-09-08T07:31:25Z
22254, 2021-09-06T19:30:25Z, 2024-02-19T04:58:43Z, None
22250, 2021-09-05T12:52:10Z, 2021-09-05T12:53:09Z, 2021-09-05T12:52:24Z
22241, 2021-09-03T12:41:47Z, 2021-09-30T16:48:54Z, 2021-09-30T16:48:54Z
22238, 2021-09-02T17:16:48Z, 2021-09-02T19:58:21Z, 2021-09-02T19:58:21Z
22214, 2021-08-30T17:24:22Z, 2023-08-16T06:42:03Z, None
22138, 2021-08-19T18:34:00Z, 2021-08-20T22:30:51Z, None
22137, 2021-08-19T18:29:50Z, 2021-08-19T18:30:04Z, 2021-08-19T18:30:04Z
22135, 2021-08-19T15:29:35Z, 2022-01-07T08:56:05Z, 2021-08-19T21:19:44Z
22123, 2021-08-18T09:33:30Z, 2021-08-20T18:08:23Z, 2021-08-20T18:08:23Z
22122, 2021-08-18T09:21:06Z, 2022-05-11T20:51:33Z, None
22113, 2021-08-17T18:04:29Z, 2021-08-18T05:40:56Z, 2021-08-18T05:40:56Z
22099, 2021-08-16T14:53:28Z, 2021-08-24T14:41:23Z, 2021-08-23T23:22:31Z
22084, 2021-08-13T07:58:40Z, 2021-08-13T07:58:53Z, 2021-08-13T07:58:53Z
22071, 2021-08-11T06:59:02Z, 2021-08-11T06:59:17Z, 2021-08-11T06:59:17Z
22065, 2021-08-11T00:10:38Z, 2021-08-11T05:10:52Z, 2021-08-11T05:10:52Z
22034, 2021-08-05T13:05:15Z, 2022-01-27T18:05:02Z, None
22014, 2021-08-03T14:49:32Z, 2021-08-03T14:49:47Z, 2021-08-03T14:49:47Z
21986, 2021-07-29T05:13:14Z, 2021-08-20T22:56:27Z, 2021-08-13T00:41:56Z
21978, 2021-07-28T07:26:15Z, 2021-07-28T07:26:30Z, 2021-07-28T07:26:30Z
21977, 2021-07-28T04:54:44Z, 2021-07-28T04:55:01Z, 2021-07-28T04:55:01Z
21974, 2021-07-27T21:02:03Z, 2021-12-08T21:23:51Z, 2021-08-30T19:39:43Z
21965, 2021-07-26T15:43:53Z, 2021-07-26T15:44:07Z, 2021-07-26T15:44:07Z
21961, 2021-07-26T08:26:01Z, 2021-07-26T08:26:15Z, 2021-07-26T08:26:15Z
21945, 2021-07-23T14:02:53Z, 2021-07-23T14:03:09Z, 2021-07-23T14:03:09Z
21944, 2021-07-23T11:42:33Z, 2021-07-23T11:42:47Z, 2021-07-23T11:42:47Z
21937, 2021-07-21T21:02:43Z, 2021-07-21T21:03:45Z, 2021-07-21T21:03:45Z
21936, 2021-07-21T20:52:49Z, 2021-07-21T20:53:03Z, 2021-07-21T20:53:03Z
21818, 2021-07-07T19:24:33Z, 2021-07-08T17:56:11Z, 2021-07-08T17:56:11Z
21803, 2021-07-06T15:56:33Z, 2021-07-07T15:21:04Z, 2021-07-07T15:21:04Z
21801, 2021-07-05T19:25:33Z, 2024-03-20T15:16:10Z, None
21799, 2021-07-04T03:08:03Z, 2021-07-04T03:08:18Z, 2021-07-04T03:08:18Z
21795, 2021-07-02T16:03:34Z, 2021-07-02T16:03:50Z, 2021-07-02T16:03:50Z
21789, 2021-07-02T10:06:26Z, 2021-07-07T15:35:04Z, 2021-07-07T13:44:31Z
21786, 2021-07-02T03:02:35Z, 2021-07-06T17:05:24Z, 2021-07-06T17:05:24Z
21764, 2021-06-29T01:51:34Z, 2021-06-29T01:51:49Z, 2021-06-29T01:51:49Z
21761, 2021-06-27T18:00:49Z, 2021-06-28T08:25:54Z, None
21755, 2021-06-25T22:27:22Z, 2022-01-24T15:07:03Z, 2022-01-20T21:54:16Z
21751, 2021-06-25T04:11:26Z, 2022-06-28T13:54:45Z, None
21746, 2021-06-24T13:23:57Z, 2021-08-16T19:20:23Z, 2021-06-24T14:45:45Z
21742, 2021-06-24T01:13:36Z, 2021-06-24T15:51:03Z, None
21724, 2021-06-22T22:56:05Z, 2023-09-29T11:49:41Z, 2021-07-14T22:54:46Z
21718, 2021-06-22T09:42:35Z, 2021-06-24T15:19:57Z, 2021-06-24T15:19:57Z
21717, 2021-06-22T09:39:40Z, 2021-06-24T00:34:07Z, 2021-06-22T22:29:13Z
21711, 2021-06-21T01:28:26Z, 2021-06-22T22:29:40Z, 2021-06-22T22:29:40Z
21695, 2021-06-16T20:57:00Z, 2021-06-18T17:48:02Z, 2021-06-18T17:48:01Z
21685, 2021-06-15T17:07:37Z, 2022-04-03T23:16:39Z, None
21676, 2021-06-14T15:19:13Z, 2021-06-16T23:44:44Z, 2021-06-16T23:44:44Z
21669, 2021-06-13T11:16:30Z, 2021-06-14T16:43:21Z, 2021-06-14T16:43:21Z
21665, 2021-06-11T16:35:42Z, 2021-06-11T16:35:58Z, 2021-06-11T16:35:58Z
21654, 2021-06-10T11:04:07Z, 2021-10-07T22:53:57Z, 2021-06-11T14:15:48Z
21653, 2021-06-10T05:13:29Z, 2021-06-10T17:14:39Z, 2021-06-10T17:14:31Z
21638, 2021-06-07T09:25:54Z, 2021-06-07T12:54:11Z, 2021-06-07T12:54:02Z
21636, 2021-06-07T06:52:01Z, 2022-07-14T09:47:39Z, 2022-01-24T14:19:34Z
21632, 2021-06-06T08:41:16Z, 2021-06-11T04:00:11Z, 2021-06-06T08:44:58Z
21622, 2021-06-04T13:25:12Z, 2021-06-04T14:41:09Z, 2021-06-04T14:41:00Z
21606, 2021-06-02T20:45:02Z, 2021-06-02T20:45:18Z, 2021-06-02T20:45:18Z
21588, 2021-05-31T08:47:32Z, 2021-05-31T08:47:48Z, 2021-05-31T08:47:48Z
21579, 2021-05-27T16:35:22Z, 2023-09-28T21:52:37Z, 2021-05-27T19:55:34Z
21573, 2021-05-27T03:30:55Z, 2021-05-27T19:09:57Z, 2021-05-27T19:09:52Z
21568, 2021-05-26T08:39:57Z, 2021-12-30T21:17:34Z, 2021-05-26T14:07:10Z
21563, 2021-05-25T18:53:34Z, 2021-05-25T18:55:14Z, 2021-05-25T18:55:13Z
21559, 2021-05-25T15:17:45Z, 2023-11-02T14:34:06Z, None
21547, 2021-05-22T13:44:23Z, 2021-05-22T13:44:36Z, 2021-05-22T13:44:36Z
21545, 2021-05-21T08:28:50Z, 2021-05-25T18:49:30Z, 2021-05-25T18:49:30Z
21538, 2021-05-20T16:41:55Z, 2021-05-20T20:42:00Z, 2021-05-20T20:42:00Z
21534, 2021-05-19T20:31:40Z, 2021-05-21T14:19:06Z, 2021-05-21T14:19:06Z
21533, 2021-05-19T19:43:25Z, 2021-06-08T14:30:19Z, 2021-06-08T14:30:18Z
21529, 2021-05-19T16:09:43Z, 2021-05-25T01:53:18Z, 2021-05-19T16:34:12Z
21528, 2021-05-19T15:50:20Z, 2021-05-20T21:10:13Z, 2021-05-20T15:24:09Z
21527, 2021-05-19T14:12:31Z, 2021-05-19T15:08:38Z, 2021-05-19T15:08:38Z
21526, 2021-05-19T10:27:38Z, 2021-05-25T09:27:17Z, 2021-05-19T18:05:40Z
21522, 2021-05-18T16:52:46Z, 2021-05-19T04:03:28Z, 2021-05-19T02:46:51Z
21518, 2021-05-18T08:09:22Z, 2021-05-18T15:46:04Z, 2021-05-18T15:46:04Z
21508, 2021-05-14T10:58:17Z, 2021-05-20T01:58:05Z, 2021-05-20T01:09:55Z
21478, 2021-05-09T17:33:00Z, 2021-05-10T00:34:16Z, 2021-05-10T00:34:06Z
21469, 2021-05-08T15:43:14Z, 2021-05-18T15:43:29Z, 2021-05-18T15:43:29Z
21468, 2021-05-08T06:43:50Z, 2022-06-13T14:49:59Z, 2021-05-20T02:18:40Z
21464, 2021-05-07T18:12:40Z, 2021-05-07T19:45:31Z, 2021-05-07T19:41:44Z
21458, 2021-05-07T12:47:39Z, 2021-05-07T12:48:03Z, 2021-05-07T12:48:03Z
21457, 2021-05-07T09:48:09Z, 2021-05-07T12:45:06Z, 2021-05-07T12:44:40Z
21456, 2021-05-07T06:04:43Z, 2021-05-07T12:45:12Z, 2021-05-07T12:44:49Z
21447, 2021-05-06T14:05:51Z, 2021-05-06T20:49:48Z, 2021-05-06T20:49:48Z
21445, 2021-05-06T12:06:15Z, 2021-05-28T04:16:25Z, 2021-05-25T18:49:05Z
21444, 2021-05-06T10:31:22Z, 2021-05-18T15:44:13Z, 2021-05-18T15:44:12Z
21442, 2021-05-06T08:37:57Z, 2022-03-19T22:21:11Z, 2021-05-19T02:45:47Z
21436, 2021-05-05T17:58:25Z, 2021-05-19T14:25:23Z, 2021-05-19T02:44:30Z
21429, 2021-05-04T19:29:06Z, 2021-05-06T15:28:34Z, 2021-05-05T18:38:11Z
21420, 2021-05-03T22:13:36Z, 2021-05-04T04:01:28Z, 2021-05-04T01:47:20Z
21416, 2021-05-03T20:03:20Z, 2021-09-27T23:25:11Z, 2021-09-27T23:25:11Z
21408, 2021-05-02T14:56:52Z, 2021-05-25T18:49:52Z, 2021-05-25T18:49:52Z
21407, 2021-05-01T23:58:03Z, 2021-05-04T13:38:36Z, 2021-05-04T13:38:36Z
21405, 2021-05-01T06:02:41Z, 2021-05-01T13:28:21Z, 2021-05-01T13:27:57Z
21402, 2021-05-01T05:11:36Z, 2021-05-05T15:21:20Z, 2021-05-01T13:28:05Z
21399, 2021-04-30T18:06:36Z, 2021-05-03T13:53:14Z, 2021-05-03T13:53:14Z
21396, 2021-04-30T09:30:48Z, 2021-04-30T14:04:20Z, 2021-04-30T14:03:54Z
21395, 2021-04-30T09:15:40Z, 2021-04-30T14:04:19Z, 2021-04-30T14:03:44Z
21394, 2021-04-30T01:25:32Z, 2021-04-30T14:04:21Z, 2021-04-30T14:03:32Z
21391, 2021-04-29T16:28:40Z, 2021-04-29T18:06:54Z, 2021-04-29T18:06:46Z
21389, 2021-04-29T10:05:19Z, 2021-04-29T14:34:42Z, 2021-04-29T14:34:33Z
21379, 2021-04-28T17:28:44Z, 2021-04-30T22:16:01Z, 2021-04-30T22:16:01Z
21375, 2021-04-28T09:56:59Z, 2021-04-28T13:16:10Z, 2021-04-28T13:16:01Z
21349, 2021-04-25T08:13:07Z, 2021-04-26T10:14:24Z, None
21332, 2021-04-22T16:20:15Z, 2021-04-28T07:50:24Z, 2021-04-27T20:36:21Z
21328, 2021-04-21T23:00:52Z, 2022-12-02T20:27:20Z, None
21313, 2021-04-19T14:21:39Z, 2021-04-19T15:26:16Z, 2021-04-19T15:26:16Z
21310, 2021-04-17T23:59:13Z, 2021-04-18T16:59:25Z, 2021-04-18T16:59:17Z
21306, 2021-04-17T12:34:07Z, 2021-04-17T15:34:28Z, 2021-04-17T15:34:19Z
21302, 2021-04-16T15:36:05Z, 2021-04-16T15:58:08Z, 2021-04-16T15:57:56Z
21297, 2021-04-16T07:29:13Z, 2021-04-16T15:59:22Z, 2021-04-16T15:58:38Z
21296, 2021-04-16T05:54:31Z, 2021-04-16T15:59:24Z, 2021-04-16T15:59:01Z
21295, 2021-04-16T03:35:19Z, 2021-04-16T15:59:26Z, 2021-04-16T15:58:40Z
21284, 2021-04-15T15:18:49Z, 2021-04-15T16:24:47Z, 2021-04-15T16:23:46Z
21281, 2021-04-15T10:13:08Z, 2021-04-15T16:24:48Z, 2021-04-15T16:24:23Z
21280, 2021-04-15T08:44:51Z, 2021-04-15T16:24:48Z, 2021-04-15T16:24:23Z
21271, 2021-04-14T19:16:21Z, 2022-02-05T22:01:38Z, 2021-04-28T14:29:23Z
21264, 2021-04-14T14:14:39Z, 2021-04-14T14:27:24Z, 2021-04-14T14:27:16Z
21258, 2021-04-14T02:51:57Z, 2021-08-11T01:15:56Z, 2021-04-29T18:06:25Z
21248, 2021-04-13T14:32:55Z, 2021-04-13T14:52:33Z, 2021-04-13T14:52:23Z
21247, 2021-04-13T11:38:18Z, 2021-04-13T14:52:53Z, 2021-04-13T14:51:38Z
21244, 2021-04-12T21:02:37Z, 2021-04-13T00:33:12Z, 2021-04-13T00:33:04Z
21243, 2021-04-12T18:19:06Z, 2021-04-12T18:34:38Z, 2021-04-12T18:34:30Z
21239, 2021-04-12T07:55:10Z, 2021-04-12T08:02:01Z, 2021-04-12T08:01:54Z
21232, 2021-04-11T06:04:51Z, 2021-04-12T00:42:32Z, 2021-04-12T00:42:20Z
21231, 2021-04-10T20:53:21Z, 2021-04-12T00:43:05Z, 2021-04-12T00:42:02Z
21212, 2021-04-08T22:26:44Z, 2021-04-12T19:17:23Z, None
21187, 2021-04-06T17:18:19Z, 2021-04-08T18:06:04Z, 2021-04-08T18:06:04Z
21172, 2021-04-03T13:24:52Z, 2021-04-05T15:09:43Z, 2021-04-05T15:09:43Z
21140, 2021-03-30T17:21:18Z, 2021-03-30T18:29:34Z, 2021-03-30T18:29:25Z
21094, 2021-03-25T10:17:28Z, 2021-04-14T21:12:34Z, None
21046, 2021-03-21T10:52:59Z, 2021-04-28T20:30:11Z, 2021-03-21T15:21:18Z
21026, 2021-03-18T00:32:29Z, 2021-03-19T13:52:59Z, 2021-03-19T13:52:59Z
21023, 2021-03-17T18:22:17Z, 2021-03-18T14:39:10Z, None
20990, 2021-03-12T17:51:22Z, 2022-03-29T23:06:17Z, 2022-03-29T23:06:16Z
20989, 2021-03-12T10:01:53Z, 2021-04-28T17:35:14Z, 2021-03-13T17:18:05Z
20966, 2021-03-09T16:47:36Z, 2021-07-29T14:52:53Z, None
20946, 2021-03-06T07:41:41Z, 2022-02-23T23:15:38Z, 2022-02-23T23:15:38Z
20941, 2021-03-05T19:51:00Z, 2021-03-07T01:11:31Z, 2021-03-07T01:11:23Z
20932, 2021-03-05T00:04:16Z, 2021-03-07T17:20:02Z, 2021-03-07T17:20:02Z
20927, 2021-03-03T22:51:56Z, 2021-03-04T14:32:27Z, 2021-03-04T14:32:18Z
20925, 2021-03-03T17:25:46Z, 2021-03-03T17:34:07Z, 2021-03-03T17:29:50Z
20917, 2021-03-02T23:27:35Z, 2021-03-03T22:12:35Z, 2021-03-03T22:12:24Z
20899, 2021-02-27T09:19:08Z, 2021-02-27T16:24:18Z, 2021-02-27T16:24:09Z
20884, 2021-02-25T23:07:49Z, 2021-03-01T14:11:53Z, None
20876, 2021-02-25T01:35:08Z, 2021-02-25T21:07:03Z, 2021-02-25T21:07:02Z
20873, 2021-02-24T09:40:48Z, 2021-02-24T15:32:18Z, 2021-02-24T15:32:09Z
20860, 2021-02-22T20:14:13Z, 2021-02-23T05:27:37Z, 2021-02-23T05:27:20Z
20856, 2021-02-22T05:18:21Z, 2021-02-22T17:27:49Z, 2021-02-22T16:41:22Z
20770, 2021-02-09T18:16:29Z, 2024-04-30T14:47:34Z, None
20769, 2021-02-09T17:20:35Z, 2021-02-16T18:23:54Z, 2021-02-16T18:23:53Z
20767, 2021-02-09T14:00:28Z, 2021-02-23T16:31:29Z, 2021-02-23T16:31:29Z
20750, 2021-02-05T23:05:20Z, 2024-02-01T20:08:23Z, 2024-02-01T20:08:23Z
20740, 2021-02-05T02:26:57Z, 2021-02-22T17:27:34Z, 2021-02-22T16:41:20Z
20725, 2021-02-03T17:14:22Z, 2021-02-04T15:31:50Z, 2021-02-04T15:31:43Z
20696, 2021-01-30T05:35:47Z, 2021-08-03T15:50:00Z, 2021-08-03T15:50:00Z
20689, 2021-01-29T10:41:48Z, 2021-01-29T16:23:58Z, 2021-01-29T16:23:43Z
20675, 2021-01-27T11:36:45Z, 2021-01-30T02:49:12Z, 2021-01-29T15:51:12Z
20640, 2021-01-21T22:18:44Z, 2021-02-16T18:24:32Z, 2021-02-16T18:24:31Z
20634, 2021-01-21T04:46:23Z, 2021-04-28T20:30:17Z, 2021-01-21T13:50:32Z
20627, 2021-01-20T14:35:23Z, 2021-04-28T20:30:16Z, 2021-01-21T13:50:37Z
20613, 2021-01-19T01:50:57Z, 2022-07-16T05:24:33Z, None
20597, 2021-01-15T11:07:49Z, 2021-04-30T13:45:25Z, 2021-01-15T21:00:02Z
20549, 2021-01-05T17:08:25Z, 2021-01-07T15:27:32Z, 2021-01-07T15:27:26Z
20515, 2020-12-25T10:23:43Z, 2021-04-28T20:30:15Z, 2021-01-21T13:50:40Z
20512, 2020-12-24T15:08:46Z, 2021-04-28T20:30:14Z, 2021-01-21T13:50:43Z
20504, 2020-12-23T10:31:08Z, 2020-12-23T13:47:38Z, 2020-12-23T13:47:23Z
20497, 2020-12-22T04:56:35Z, 2022-10-12T13:44:55Z, None
20481, 2020-12-17T15:24:21Z, 2020-12-17T22:57:06Z, 2020-12-17T22:43:48Z
20479, 2020-12-17T07:27:56Z, 2020-12-23T13:47:29Z, 2020-12-23T13:47:11Z
20431, 2020-12-11T04:00:11Z, 2021-04-28T14:29:22Z, 2021-04-28T14:29:22Z
20430, 2020-12-10T19:01:25Z, 2021-04-28T20:30:19Z, 2020-12-10T19:17:27Z
20417, 2020-12-09T20:49:59Z, 2022-09-25T01:24:24Z, 2021-03-30T15:08:51Z
20395, 2020-12-07T17:35:28Z, 2021-05-03T22:35:23Z, 2020-12-11T14:58:09Z
20361, 2020-12-01T13:16:05Z, 2021-04-28T14:35:30Z, 2020-12-01T22:30:44Z
20343, 2020-11-28T15:49:52Z, 2021-06-01T12:45:19Z, 2021-01-11T20:18:46Z
20295, 2020-11-19T03:30:47Z, 2020-12-21T02:44:18Z, 2020-12-21T02:44:12Z
20288, 2020-11-18T08:32:11Z, 2020-11-18T15:29:23Z, 2020-11-18T15:29:14Z
20273, 2020-11-17T02:46:20Z, 2020-11-17T21:29:40Z, 2020-11-17T21:29:31Z
20268, 2020-11-16T11:54:21Z, 2021-04-29T18:18:45Z, 2020-11-16T12:29:21Z
20262, 2020-11-15T19:26:35Z, 2021-04-29T16:21:05Z, None
20261, 2020-11-15T14:52:32Z, 2022-11-22T11:27:31Z, 2021-07-03T23:31:26Z
20244, 2020-11-13T04:56:11Z, 2020-12-01T15:05:46Z, 2020-12-01T15:05:46Z
20204, 2020-11-09T18:15:07Z, 2021-11-30T23:12:21Z, 2021-03-24T16:45:28Z
20197, 2020-11-09T14:05:38Z, 2021-04-28T20:30:24Z, 2020-12-04T22:06:44Z
20196, 2020-11-09T12:17:51Z, 2020-11-09T14:10:42Z, None
20178, 2020-11-06T11:23:28Z, 2022-07-23T06:22:25Z, 2022-07-23T06:22:25Z
20173, 2020-11-06T04:25:53Z, 2021-03-31T20:41:12Z, 2021-03-31T20:41:12Z
20166, 2020-11-05T18:31:35Z, 2020-11-05T19:12:53Z, 2020-11-05T18:59:07Z
20165, 2020-11-05T18:29:52Z, 2020-11-05T19:22:15Z, 2020-11-05T19:21:58Z
20162, 2020-11-05T12:17:58Z, 2024-02-01T19:30:19Z, 2024-02-01T19:30:19Z
20161, 2020-11-05T09:45:52Z, 2022-06-05T09:44:10Z, None
20145, 2020-11-02T15:42:32Z, 2021-04-28T20:30:25Z, 2020-11-02T16:45:25Z
20132, 2020-10-29T20:27:44Z, 2020-10-30T14:29:48Z, 2020-10-30T14:27:09Z
20131, 2020-10-29T18:27:03Z, 2022-02-08T20:32:12Z, 2021-03-24T16:46:33Z
20127, 2020-10-29T11:20:33Z, 2021-11-23T23:11:38Z, 2021-11-23T23:11:38Z
20126, 2020-10-29T08:35:19Z, 2020-10-29T14:05:46Z, 2020-10-29T13:16:27Z
20116, 2020-10-28T10:58:47Z, 2020-11-07T14:38:44Z, 2020-11-07T14:38:44Z
20101, 2020-10-26T13:19:27Z, 2021-04-28T20:30:26Z, 2020-10-26T13:51:07Z
20100, 2020-10-26T12:48:50Z, 2020-10-30T14:06:06Z, 2020-10-29T17:23:58Z
20091, 2020-10-24T18:34:13Z, 2021-07-27T11:58:03Z, 2020-10-24T20:10:41Z
20077, 2020-10-22T06:18:30Z, 2021-04-28T20:31:09Z, 2020-10-22T21:03:36Z
20075, 2020-10-22T04:14:33Z, 2020-11-12T14:29:40Z, 2020-10-22T15:26:33Z
20074, 2020-10-21T14:25:14Z, 2023-02-19T10:37:18Z, 2021-03-31T18:05:24Z
20069, 2020-10-21T10:52:51Z, 2020-10-22T12:28:15Z, 2020-10-21T12:17:44Z
20052, 2020-10-19T08:21:12Z, 2022-03-10T04:43:26Z, 2022-03-10T04:43:26Z
20006, 2020-10-13T09:29:06Z, 2020-10-13T14:17:56Z, 2020-10-13T14:17:40Z
19970, 2020-10-06T18:13:23Z, 2020-10-07T12:31:06Z, 2020-10-06T18:42:00Z
19965, 2020-10-05T23:22:54Z, 2020-10-06T14:32:14Z, 2020-10-06T14:32:04Z
19964, 2020-10-05T23:17:07Z, 2020-10-06T14:32:48Z, 2020-10-06T14:32:40Z
19950, 2020-10-03T04:34:48Z, 2020-11-13T13:54:43Z, 2020-11-13T13:54:43Z
19948, 2020-10-02T19:53:35Z, 2021-01-29T15:24:57Z, 2021-01-29T15:22:56Z
19927, 2020-09-30T02:34:29Z, 2021-05-25T18:48:34Z, 2021-05-25T18:48:34Z
19923, 2020-09-29T13:31:18Z, 2021-04-28T20:30:30Z, 2020-09-29T15:05:42Z
19911, 2020-09-25T18:18:33Z, 2020-10-14T17:19:48Z, 2020-10-14T17:19:48Z
19899, 2020-09-24T15:03:20Z, 2020-09-24T15:27:21Z, 2020-09-24T15:27:07Z
19861, 2020-09-18T15:28:11Z, 2020-09-19T14:21:28Z, 2020-09-19T14:21:28Z
19860, 2020-09-18T13:26:15Z, 2022-12-23T11:27:40Z, None
19848, 2020-09-17T13:40:58Z, 2023-07-07T12:58:43Z, None
19841, 2020-09-16T00:29:08Z, 2020-09-19T23:28:56Z, 2020-09-18T16:59:37Z
19839, 2020-09-15T20:56:05Z, 2021-04-28T20:32:50Z, 2021-04-28T20:32:35Z
19816, 2020-09-11T11:37:21Z, 2021-04-29T14:20:11Z, 2020-09-11T13:39:00Z
19810, 2020-09-11T04:22:06Z, 2020-10-01T09:26:06Z, 2020-09-11T12:13:44Z
19784, 2020-09-07T09:05:46Z, 2020-09-14T13:55:36Z, 2020-09-14T13:55:36Z
19751, 2020-09-02T17:01:08Z, 2020-09-11T02:03:06Z, 2020-09-10T10:30:19Z
19748, 2020-09-02T10:59:01Z, 2020-09-22T11:32:06Z, 2020-09-21T15:04:50Z
19726, 2020-08-30T01:03:14Z, 2020-09-22T18:23:20Z, 2020-09-22T18:23:20Z
19701, 2020-08-26T18:09:04Z, 2022-01-19T16:30:35Z, 2022-01-19T16:30:35Z
19677, 2020-08-22T15:52:29Z, 2021-04-29T05:17:23Z, 2020-08-31T14:48:12Z
19674, 2020-08-21T22:09:50Z, 2020-08-26T17:04:44Z, 2020-08-26T17:04:44Z
19661, 2020-08-20T15:52:59Z, 2020-09-10T18:55:42Z, 2020-08-29T20:03:24Z
19660, 2020-08-20T04:49:53Z, 2020-09-22T18:23:29Z, 2020-09-22T18:23:29Z
19639, 2020-08-18T17:13:11Z, 2020-08-19T12:50:47Z, 2020-08-19T12:50:47Z
19633, 2020-08-18T07:14:13Z, 2020-10-13T17:38:59Z, 2020-10-13T17:38:59Z
19629, 2020-08-17T17:28:59Z, 2020-08-18T14:17:01Z, 2020-08-18T14:17:01Z
19608, 2020-08-13T18:46:02Z, 2020-08-31T11:11:37Z, 2020-08-24T15:50:20Z
19602, 2020-08-13T12:28:03Z, 2021-04-28T20:23:53Z, 2021-04-28T20:23:53Z
19591, 2020-08-12T08:50:57Z, 2020-08-17T09:34:52Z, 2020-08-15T13:42:50Z
19589, 2020-08-11T17:05:18Z, 2023-09-04T09:39:24Z, 2022-03-30T00:56:46Z
19563, 2020-08-08T10:50:56Z, 2020-08-17T12:53:09Z, 2020-08-17T12:53:09Z
19562, 2020-08-08T10:25:23Z, 2020-08-10T14:08:23Z, 2020-08-10T14:08:23Z
19560, 2020-08-07T22:30:51Z, 2020-08-10T11:54:11Z, 2020-08-10T11:54:11Z
19558, 2020-08-07T21:30:44Z, 2020-08-28T11:40:57Z, 2020-08-17T14:47:50Z
19547, 2020-08-06T15:41:45Z, 2020-11-06T19:18:06Z, 2020-10-13T17:40:47Z
19545, 2020-08-06T14:50:25Z, 2020-08-12T16:15:54Z, 2020-08-12T16:15:54Z
19530, 2020-08-04T23:33:58Z, 2020-08-21T06:57:56Z, 2020-08-21T06:57:55Z
19527, 2020-08-04T19:24:21Z, 2021-04-28T20:30:34Z, 2020-08-04T20:19:42Z
19468, 2020-07-27T18:13:24Z, 2021-04-28T20:30:35Z, 2020-07-27T20:35:56Z
19443, 2020-07-24T02:16:05Z, 2021-04-28T20:30:38Z, 2020-07-24T20:16:34Z
19442, 2020-07-24T02:15:22Z, 2021-04-28T20:30:37Z, 2020-07-24T20:16:35Z
19419, 2020-07-20T17:18:11Z, 2021-04-02T19:00:52Z, None
19402, 2020-07-18T02:38:33Z, 2020-07-27T02:47:03Z, 2020-07-24T23:58:49Z
19400, 2020-07-18T01:00:15Z, 2021-03-31T14:18:45Z, 2021-02-10T23:18:16Z
19385, 2020-07-16T16:17:42Z, 2021-03-31T14:20:46Z, 2020-11-27T12:54:57Z
19383, 2020-07-16T08:27:44Z, 2020-07-16T13:09:57Z, 2020-07-16T13:08:22Z
19359, 2020-07-15T05:16:57Z, 2020-07-15T17:17:06Z, 2020-07-15T16:26:16Z
19357, 2020-07-15T02:04:59Z, 2020-07-15T17:10:27Z, 2020-07-15T16:26:18Z
19338, 2020-07-13T20:37:50Z, 2020-07-15T17:10:39Z, 2020-07-13T20:50:25Z
19320, 2020-07-11T13:49:29Z, 2020-07-14T13:18:48Z, 2020-07-13T20:21:57Z
19312, 2020-07-10T17:41:51Z, 2020-07-10T18:02:09Z, 2020-07-10T18:02:09Z
19308, 2020-07-10T10:49:41Z, 2020-07-11T15:50:49Z, 2020-07-11T15:50:49Z
19293, 2020-07-09T14:29:56Z, 2020-07-09T14:49:33Z, 2020-07-09T14:49:33Z
19290, 2020-07-09T11:33:11Z, 2021-02-10T23:34:46Z, 2021-02-10T23:34:46Z
19243, 2020-07-02T16:02:21Z, 2020-07-07T21:44:53Z, 2020-07-06T19:52:15Z
19229, 2020-07-01T15:30:08Z, 2020-08-18T21:05:13Z, 2020-08-18T21:05:12Z
19160, 2020-06-19T08:11:24Z, 2021-04-28T20:30:43Z, 2020-06-22T15:47:56Z
19153, 2020-06-18T11:55:48Z, 2020-06-22T15:52:14Z, 2020-06-22T15:52:05Z
19137, 2020-06-15T14:34:47Z, 2020-06-16T16:47:28Z, 2020-06-16T16:47:22Z
19114, 2020-06-10T19:07:59Z, 2020-10-14T15:05:02Z, 2020-10-14T14:24:49Z
19107, 2020-06-09T20:02:23Z, 2020-06-10T02:46:31Z, 2020-06-10T02:46:21Z
19106, 2020-06-09T19:58:45Z, 2020-06-10T02:44:29Z, 2020-06-10T02:44:12Z
19099, 2020-06-08T13:13:10Z, 2020-06-23T14:34:54Z, 2020-06-23T14:34:54Z
19094, 2020-06-06T23:55:57Z, 2020-06-10T02:44:37Z, 2020-06-10T02:44:15Z
19083, 2020-06-05T22:13:54Z, 2020-06-30T19:12:37Z, 2020-06-30T19:12:37Z
19078, 2020-06-05T08:37:31Z, 2020-06-25T23:48:12Z, None
19002, 2020-05-26T06:36:35Z, 2020-07-08T13:54:20Z, 2020-07-06T12:49:21Z
18985, 2020-05-23T02:10:24Z, 2020-07-07T21:44:39Z, 2020-05-27T00:23:43Z
18924, 2020-05-14T13:10:10Z, 2020-10-15T18:45:24Z, 2020-10-15T18:45:24Z
18903, 2020-05-13T10:39:40Z, 2021-04-28T20:30:44Z, 2020-05-18T20:49:53Z
18902, 2020-05-13T07:00:10Z, 2020-05-13T15:58:26Z, 2020-05-13T15:57:14Z
18877, 2020-05-09T12:57:43Z, 2021-04-28T20:30:46Z, 2020-05-11T23:31:38Z
18859, 2020-05-07T13:49:45Z, 2021-05-05T15:21:32Z, 2021-05-05T02:28:17Z
18844, 2020-05-06T16:31:08Z, 2020-06-30T21:06:47Z, 2020-06-30T21:06:47Z
18831, 2020-05-05T18:01:22Z, 2020-07-15T17:16:43Z, 2020-07-15T16:25:28Z
18824, 2020-05-05T03:09:21Z, 2020-05-07T23:43:09Z, 2020-05-07T23:41:44Z
18804, 2020-05-02T17:13:34Z, 2020-05-07T23:42:57Z, 2020-05-07T23:41:47Z
18798, 2020-05-01T12:41:08Z, 2020-05-08T00:07:21Z, 2020-05-08T00:07:21Z
18786, 2020-04-30T00:58:44Z, 2020-05-19T21:14:11Z, 2020-05-19T21:14:11Z
18768, 2020-04-28T15:13:02Z, 2021-06-07T21:47:18Z, 2021-06-07T21:47:18Z
18754, 2020-04-27T15:01:21Z, 2020-05-07T23:36:13Z, 2020-05-07T23:36:05Z
18701, 2020-04-22T12:00:47Z, 2020-04-25T16:34:13Z, 2020-04-23T06:10:55Z
18657, 2020-04-17T17:46:44Z, 2020-04-17T23:32:56Z, 2020-04-17T23:32:56Z
18644, 2020-04-16T17:49:41Z, 2020-06-29T18:19:38Z, 2020-06-29T18:19:38Z
18591, 2020-04-13T17:40:05Z, 2021-07-22T21:15:39Z, 2021-02-10T23:48:28Z
18544, 2020-04-08T20:24:37Z, 2020-04-17T15:43:14Z, 2020-04-17T12:54:04Z
18518, 2020-04-07T12:27:24Z, 2020-04-07T17:28:22Z, 2020-04-07T17:28:22Z
18514, 2020-04-07T00:58:24Z, 2020-04-07T17:30:26Z, 2020-04-07T17:30:25Z
18502, 2020-04-06T10:24:24Z, 2022-03-30T00:35:51Z, None
18486, 2020-04-04T00:49:12Z, 2020-04-08T02:17:02Z, 2020-04-08T02:17:02Z
18460, 2020-04-01T22:25:36Z, 2022-03-30T00:32:22Z, 2022-03-30T00:32:22Z
18429, 2020-03-29T12:03:27Z, 2020-04-01T05:26:57Z, 2020-04-01T05:26:57Z
18398, 2020-03-26T17:48:11Z, 2020-03-27T16:59:17Z, 2020-03-27T16:59:07Z
18357, 2020-03-20T18:08:47Z, 2020-03-30T18:25:05Z, 2020-03-30T18:25:05Z
18353, 2020-03-20T01:41:21Z, 2020-03-26T18:31:41Z, 2020-03-26T18:31:41Z
18256, 2020-03-09T17:40:03Z, 2020-10-13T17:38:59Z, 2020-10-13T17:38:59Z
18208, 2020-03-04T10:59:24Z, 2020-08-21T17:33:22Z, 2020-05-01T16:04:13Z
18128, 2020-02-25T15:54:28Z, 2021-06-23T21:19:53Z, 2021-06-23T21:19:53Z
18101, 2020-02-21T23:08:59Z, 2023-03-01T19:55:02Z, None
18098, 2020-02-21T20:47:07Z, 2022-12-30T11:37:28Z, None
18085, 2020-02-20T03:44:54Z, 2020-04-03T13:44:38Z, 2020-04-03T13:44:38Z
18051, 2020-02-17T12:24:15Z, 2024-07-02T16:34:22Z, None
18033, 2020-02-13T13:45:57Z, 2020-03-25T17:28:04Z, 2020-03-25T17:28:03Z
18026, 2020-02-12T13:33:21Z, 2022-10-13T12:42:15Z, 2020-08-19T07:22:40Z
18020, 2020-02-11T21:41:06Z, 2020-04-08T12:41:32Z, 2020-04-07T20:34:42Z
18010, 2020-02-10T19:24:14Z, 2020-05-12T22:47:24Z, 2020-05-12T22:47:24Z
17953, 2020-02-01T07:58:03Z, 2021-09-27T23:25:11Z, 2021-09-27T23:25:11Z
17945, 2020-01-31T18:49:40Z, 2020-05-28T15:32:38Z, 2020-05-28T15:32:38Z
17935, 2020-01-30T10:19:22Z, 2020-04-06T15:17:46Z, 2020-04-06T15:17:46Z
17918, 2020-01-28T13:06:29Z, 2020-08-23T10:10:45Z, 2020-08-23T10:10:45Z
17909, 2020-01-25T11:35:42Z, 2020-01-28T22:58:17Z, 2020-01-28T22:58:17Z
17895, 2020-01-23T11:59:29Z, 2020-01-31T22:36:00Z, 2020-01-31T22:36:00Z
17872, 2020-01-20T09:09:40Z, 2020-03-25T17:28:41Z, 2020-03-25T17:28:41Z
17855, 2020-01-16T17:16:35Z, 2024-01-30T18:28:42Z, None
17845, 2020-01-15T03:56:28Z, 2020-03-16T20:35:15Z, 2020-03-16T20:35:14Z
17832, 2020-01-14T09:43:10Z, 2020-02-02T20:04:49Z, 2020-02-02T20:04:49Z
17823, 2020-01-12T05:04:15Z, 2020-01-12T20:38:28Z, 2020-01-12T19:22:11Z
17821, 2020-01-10T23:55:25Z, 2020-01-11T16:01:12Z, 2020-01-11T16:01:12Z
17819, 2020-01-10T11:31:27Z, 2020-01-10T18:39:35Z, 2020-01-10T18:25:17Z
17813, 2020-01-09T17:12:37Z, 2020-01-28T19:21:33Z, 2020-01-09T18:34:08Z
17803, 2020-01-08T13:29:11Z, 2020-01-12T20:38:53Z, 2020-01-08T15:49:22Z
17802, 2020-01-08T09:09:11Z, 2020-01-09T18:04:15Z, 2020-01-09T18:04:15Z
17796, 2020-01-07T15:55:45Z, 2020-01-07T15:56:50Z, 2020-01-07T15:56:50Z
17795, 2020-01-07T11:45:11Z, 2020-01-07T15:56:42Z, 2020-01-07T15:56:41Z
17788, 2020-01-06T13:33:48Z, 2020-01-06T17:23:23Z, 2020-01-06T17:23:23Z
17785, 2020-01-06T09:48:35Z, 2020-10-05T09:06:44Z, 2020-01-11T16:15:06Z
17769, 2020-01-03T18:16:47Z, 2020-01-03T21:38:35Z, 2020-01-03T21:38:28Z
17767, 2020-01-03T14:13:20Z, 2020-01-03T16:41:43Z, 2020-01-03T16:41:37Z
17764, 2020-01-03T10:09:22Z, 2020-01-03T18:24:13Z, 2020-01-03T16:47:53Z
17761, 2020-01-03T03:51:53Z, 2020-01-03T18:24:19Z, 2020-01-03T17:34:13Z
17754, 2020-01-02T09:56:13Z, 2020-01-06T18:55:25Z, 2020-01-02T16:27:30Z
17752, 2020-01-02T02:23:32Z, 2020-01-02T15:32:58Z, 2020-01-02T15:32:46Z
17750, 2019-12-31T13:04:12Z, 2019-12-31T16:07:30Z, 2019-12-31T16:07:22Z
17749, 2019-12-31T08:56:10Z, 2020-01-02T08:51:18Z, 2019-12-31T16:06:55Z
17741, 2019-12-29T19:33:12Z, 2024-06-28T03:39:02Z, 2022-03-30T00:22:36Z
17735, 2019-12-29T04:21:45Z, 2019-12-29T16:10:17Z, 2019-12-29T16:09:58Z
17734, 2019-12-28T21:16:44Z, 2019-12-29T16:10:10Z, 2019-12-29T16:10:00Z
17715, 2019-12-26T06:53:33Z, 2019-12-26T14:03:58Z, 2019-12-26T14:03:58Z
17714, 2019-12-25T22:49:08Z, 2019-12-26T14:04:02Z, 2019-12-26T14:04:01Z
17698, 2019-12-23T18:03:03Z, 2020-01-02T16:58:03Z, 2019-12-23T18:26:26Z
17696, 2019-12-23T15:43:41Z, 2019-12-25T02:34:33Z, 2019-12-25T02:34:25Z
17684, 2019-12-21T08:34:59Z, 2019-12-21T16:16:26Z, 2019-12-21T16:16:26Z
17682, 2019-12-20T23:42:24Z, 2019-12-21T01:40:53Z, 2019-12-21T01:40:41Z
17670, 2019-12-19T23:56:35Z, 2019-12-21T16:12:41Z, 2019-12-21T16:12:40Z
17667, 2019-12-19T20:48:35Z, 2019-12-19T21:44:08Z, 2019-12-19T21:44:08Z
17662, 2019-12-19T16:02:28Z, 2020-01-02T16:58:09Z, 2019-12-19T16:02:52Z
17661, 2019-12-19T13:59:21Z, 2019-12-19T21:44:09Z, 2019-12-19T21:44:08Z
17657, 2019-12-19T10:11:14Z, 2019-12-19T21:44:10Z, 2019-12-19T21:44:09Z
17655, 2019-12-19T05:57:55Z, 2019-12-19T21:44:11Z, 2019-12-19T21:44:10Z
17652, 2019-12-18T20:06:25Z, 2019-12-22T16:15:32Z, 2019-12-22T16:15:14Z
17646, 2019-12-18T11:09:16Z, 2019-12-18T20:04:28Z, 2019-12-18T20:04:28Z
17637, 2019-12-17T12:55:30Z, 2019-12-18T20:04:26Z, 2019-12-18T20:04:25Z
17620, 2019-12-16T13:46:30Z, 2020-01-03T18:24:31Z, 2019-12-29T21:02:51Z
17619, 2019-12-16T13:30:25Z, 2019-12-16T20:27:24Z, 2019-12-16T20:27:16Z
17610, 2019-12-15T08:17:48Z, 2019-12-18T20:04:22Z, 2019-12-18T20:04:22Z
17609, 2019-12-15T01:10:16Z, 2020-04-01T20:58:15Z, None
17603, 2019-12-14T16:58:28Z, 2019-12-16T20:27:42Z, 2019-12-16T20:27:42Z
17600, 2019-12-13T21:36:24Z, 2020-01-02T16:58:15Z, 2019-12-13T21:41:34Z
17592, 2019-12-13T02:58:09Z, 2020-01-02T16:58:23Z, 2019-12-13T19:11:34Z
17578, 2019-12-11T22:45:02Z, 2019-12-12T00:18:30Z, 2019-12-12T00:18:21Z
17574, 2019-12-11T10:24:08Z, 2019-12-12T00:19:20Z, 2019-12-11T18:28:46Z
17558, 2019-12-09T21:37:03Z, 2019-12-09T21:43:44Z, 2019-12-09T21:43:37Z
17557, 2019-12-09T20:29:13Z, 2019-12-09T21:43:31Z, 2019-12-09T21:43:31Z
17535, 2019-12-05T13:23:38Z, 2020-01-02T16:58:31Z, 2019-12-07T16:29:41Z
17533, 2019-12-05T10:28:00Z, 2020-01-02T16:58:46Z, 2019-12-07T16:29:47Z
17525, 2019-12-04T12:47:13Z, 2019-12-09T21:43:08Z, 2019-12-09T21:42:57Z
17507, 2019-12-03T08:09:08Z, 2019-12-03T15:42:23Z, 2019-12-03T15:41:53Z
17503, 2019-12-02T18:36:28Z, 2020-01-02T16:58:51Z, 2019-12-02T18:57:27Z
17501, 2019-12-02T16:54:36Z, 2020-01-02T16:58:58Z, 2019-12-02T18:56:57Z
17500, 2019-12-02T15:32:21Z, 2019-12-03T15:42:13Z, 2019-12-03T15:41:56Z
17495, 2019-12-01T10:17:18Z, 2020-06-29T19:06:14Z, 2020-06-29T19:06:13Z
17486, 2019-11-28T18:11:11Z, 2019-12-02T09:30:57Z, 2019-12-02T09:30:48Z
17465, 2019-11-26T18:50:30Z, 2019-11-26T19:08:25Z, 2019-11-26T19:08:24Z
17447, 2019-11-24T19:11:47Z, 2019-11-26T19:16:03Z, 2019-11-26T19:16:02Z
17444, 2019-11-24T15:38:33Z, 2019-11-26T19:16:32Z, 2019-11-26T19:16:31Z
17432, 2019-11-22T10:43:23Z, 2020-05-21T17:04:38Z, 2020-05-21T17:04:38Z
17356, 2019-11-13T20:11:50Z, 2020-06-30T21:06:47Z, 2020-06-30T21:06:47Z
17355, 2019-11-13T16:35:19Z, 2024-04-02T18:40:17Z, None
17352, 2019-11-13T04:07:32Z, 2021-06-30T13:38:45Z, 2021-06-30T13:38:45Z
17301, 2019-11-07T09:39:23Z, 2020-09-25T19:39:43Z, None
17292, 2019-11-06T19:11:13Z, 2019-11-26T19:15:53Z, 2019-11-26T19:15:39Z
17279, 2019-11-05T17:29:14Z, 2019-11-15T22:46:52Z, 2019-11-15T22:46:51Z
17273, 2019-11-04T23:12:15Z, 2020-08-28T18:49:01Z, 2020-08-28T18:49:01Z
17272, 2019-11-04T22:49:03Z, 2019-11-15T23:46:10Z, 2019-11-15T23:46:10Z
17239, 2019-10-31T15:33:52Z, 2021-06-23T21:25:10Z, 2021-06-23T21:25:10Z
17229, 2019-10-30T21:31:43Z, 2020-02-26T21:08:18Z, 2020-02-26T21:08:18Z
17207, 2019-10-29T12:07:08Z, 2023-10-11T09:16:24Z, 2019-12-04T15:53:01Z
17202, 2019-10-28T09:53:08Z, 2019-10-29T16:00:17Z, 2019-10-29T16:00:12Z
17185, 2019-10-25T22:59:18Z, 2024-01-11T20:48:55Z, 2021-03-23T22:20:52Z
17170, 2019-10-23T11:13:04Z, 2020-04-20T17:46:56Z, 2020-04-20T17:46:56Z
17157, 2019-10-21T12:06:09Z, 2024-05-23T13:53:52Z, 2024-03-13T22:10:42Z
17151, 2019-10-20T15:58:13Z, 2020-04-08T09:58:58Z, 2020-04-08T09:58:58Z
17134, 2019-10-18T08:42:25Z, 2019-10-29T15:41:49Z, 2019-10-29T15:41:49Z
17133, 2019-10-18T04:04:55Z, 2019-10-21T21:55:22Z, 2019-10-21T21:54:07Z
17123, 2019-10-16T21:55:57Z, 2019-10-21T21:53:37Z, 2019-10-21T21:53:28Z
17066, 2019-10-11T11:36:40Z, 2022-01-29T11:27:36Z, 2019-11-14T16:55:37Z
17052, 2019-10-09T13:10:15Z, 2019-10-09T16:26:06Z, 2019-10-09T16:25:58Z
17047, 2019-10-08T21:26:53Z, 2019-10-09T16:26:54Z, 2019-10-09T16:26:54Z
17033, 2019-10-07T15:32:38Z, 2020-10-28T13:43:53Z, 2020-10-28T13:43:53Z
16994, 2019-10-02T22:11:37Z, 2019-10-30T18:59:28Z, 2019-10-30T18:08:43Z
16952, 2019-09-29T10:28:49Z, 2019-09-30T15:31:31Z, 2019-09-30T15:31:31Z
16950, 2019-09-29T08:46:37Z, 2019-09-29T16:30:25Z, 2019-09-29T16:30:17Z
16926, 2019-09-27T14:29:52Z, 2019-09-28T00:09:11Z, 2019-09-28T00:09:11Z
16925, 2019-09-27T13:32:31Z, 2019-09-28T00:09:14Z, 2019-09-28T00:09:14Z
16859, 2019-09-23T11:12:10Z, 2019-09-26T17:51:51Z, 2019-09-23T19:56:02Z
16843, 2019-09-20T13:24:58Z, 2020-06-10T01:45:51Z, 2019-09-25T17:46:27Z
16832, 2019-09-19T11:26:39Z, 2020-02-25T11:39:20Z, 2020-02-25T11:39:20Z
16818, 2019-09-18T11:22:37Z, 2019-09-19T15:44:25Z, 2019-09-18T11:56:31Z
16813, 2019-09-17T20:08:55Z, 2019-09-17T21:38:11Z, 2019-09-17T21:38:11Z
16808, 2019-09-17T16:08:22Z, 2019-09-17T17:53:12Z, 2019-09-17T17:48:46Z
16789, 2019-09-16T09:03:53Z, 2019-09-16T15:47:33Z, 2019-09-16T15:47:33Z
16773, 2019-09-13T03:10:12Z, 2020-09-04T14:51:33Z, 2019-09-14T02:11:58Z
16763, 2019-09-12T12:38:47Z, 2019-10-24T18:18:47Z, 2019-10-24T18:18:46Z
16734, 2019-09-10T17:05:25Z, 2020-08-16T16:44:24Z, 2020-07-01T14:33:30Z
16711, 2019-09-09T15:10:14Z, 2020-01-02T16:59:04Z, 2019-09-09T15:28:25Z
16691, 2019-09-06T22:12:51Z, 2020-08-21T13:31:17Z, 2020-08-21T13:31:17Z
16690, 2019-09-06T21:16:35Z, 2019-09-25T16:18:59Z, 2019-09-25T16:18:59Z
16686, 2019-09-06T16:55:45Z, 2019-09-06T23:59:20Z, 2019-09-06T18:58:08Z
16636, 2019-09-02T13:52:59Z, 2020-01-02T16:59:18Z, 2019-09-02T14:00:11Z
16629, 2019-08-31T02:56:16Z, 2020-03-16T23:27:36Z, 2020-03-16T23:27:36Z
16620, 2019-08-30T13:41:45Z, 2019-08-30T14:36:38Z, 2019-08-30T14:36:27Z
16616, 2019-08-30T06:58:11Z, 2019-08-30T15:23:31Z, 2019-08-30T15:23:31Z
16606, 2019-08-29T05:25:38Z, 2019-08-31T01:25:21Z, None
16599, 2019-08-28T14:49:53Z, 2021-04-28T20:39:04Z, 2021-04-28T20:39:03Z
16585, 2019-08-27T14:32:08Z, 2020-07-01T15:05:45Z, 2020-07-01T14:33:30Z
16573, 2019-08-26T19:19:58Z, 2020-03-31T01:09:33Z, 2020-03-31T01:09:33Z
16568, 2019-08-26T03:49:43Z, 2019-08-26T15:38:27Z, 2019-08-26T15:38:14Z
16564, 2019-08-24T04:50:05Z, 2019-09-14T03:29:57Z, 2019-09-14T03:29:57Z
16562, 2019-08-23T18:43:03Z, 2019-08-23T20:40:51Z, 2019-08-23T20:40:32Z
16556, 2019-08-23T15:08:58Z, 2019-08-23T17:50:08Z, 2019-08-23T17:50:00Z
16551, 2019-08-23T10:18:20Z, 2019-08-23T14:42:43Z, 2019-08-23T14:42:26Z
16550, 2019-08-23T02:55:42Z, 2021-04-28T20:38:47Z, 2021-04-28T20:38:47Z
16547, 2019-08-22T16:42:22Z, 2024-04-05T15:54:48Z, None
16536, 2019-08-22T05:52:20Z, 2019-08-23T14:40:30Z, 2019-08-23T14:39:46Z
16534, 2019-08-22T00:11:57Z, 2019-08-23T14:49:01Z, 2019-08-23T14:48:41Z
16527, 2019-08-21T18:04:11Z, 2019-09-03T15:35:13Z, 2019-09-03T15:35:13Z
16506, 2019-08-20T10:06:36Z, 2020-02-10T19:19:34Z, 2020-02-10T19:19:34Z
16501, 2019-08-20T02:40:23Z, 2024-04-15T21:53:16Z, 2021-04-28T14:29:32Z
16499, 2019-08-20T01:15:56Z, 2019-09-03T17:38:50Z, 2019-09-03T17:38:50Z
16495, 2019-08-19T22:27:13Z, 2021-11-01T17:38:41Z, None
16488, 2019-08-19T22:24:43Z, 2020-01-08T19:11:00Z, None
16487, 2019-08-19T22:24:17Z, 2020-01-08T19:10:59Z, None
16486, 2019-08-19T22:20:56Z, 2021-04-28T20:53:57Z, 2021-04-28T20:35:46Z
16485, 2019-08-19T22:20:03Z, 2019-10-01T02:00:57Z, 2019-09-30T20:10:53Z
16475, 2019-08-19T21:52:14Z, 2022-12-06T20:00:57Z, 2019-09-19T15:41:26Z
16465, 2019-08-19T21:38:01Z, 2020-01-08T19:10:53Z, None
16464, 2019-08-19T21:36:44Z, 2019-09-09T23:21:04Z, 2019-09-09T23:21:04Z
16457, 2019-08-19T17:12:37Z, 2020-01-02T16:59:23Z, 2019-08-19T18:07:31Z
16456, 2019-08-19T16:07:25Z, 2021-04-28T20:37:57Z, 2021-04-28T20:37:57Z
16451, 2019-08-19T09:52:38Z, 2019-08-20T15:49:26Z, 2019-08-20T14:00:00Z
16446, 2019-08-19T01:27:03Z, 2020-01-08T17:31:56Z, 2020-01-05T00:51:14Z
16441, 2019-08-18T05:21:06Z, 2019-08-18T15:35:08Z, 2019-08-18T15:35:07Z
16427, 2019-08-16T18:48:27Z, 2019-08-16T20:16:21Z, 2019-08-16T20:16:20Z
16426, 2019-08-16T17:42:52Z, 2021-10-05T01:11:32Z, 2019-08-19T16:45:40Z
16423, 2019-08-16T15:36:21Z, 2019-08-19T19:17:08Z, 2019-08-16T18:26:39Z
16422, 2019-08-16T15:03:34Z, 2019-09-06T09:06:40Z, 2019-09-06T09:06:40Z
16419, 2019-08-16T11:43:51Z, 2019-08-16T20:10:21Z, 2019-08-16T20:10:20Z
16417, 2019-08-16T09:48:27Z, 2019-08-16T15:09:19Z, 2019-08-16T15:08:34Z
16416, 2019-08-16T09:10:04Z, 2023-05-31T08:29:19Z, None
16414, 2019-08-16T08:57:53Z, 2019-08-18T15:43:32Z, 2019-08-18T15:43:31Z
16413, 2019-08-16T07:58:16Z, 2019-09-03T12:38:04Z, 2019-09-03T12:38:04Z
16412, 2019-08-16T05:57:04Z, 2020-01-05T00:51:01Z, 2020-01-05T00:51:01Z
16389, 2019-08-14T15:38:37Z, 2020-01-06T18:11:35Z, 2020-01-06T18:11:35Z
16376, 2019-08-13T05:27:07Z, 2021-03-24T19:57:17Z, 2021-03-24T19:57:17Z
16365, 2019-08-12T14:12:35Z, 2020-01-09T17:05:27Z, None
16342, 2019-08-09T19:15:55Z, 2019-12-01T22:39:25Z, None
16160, 2019-07-18T22:38:21Z, 2019-07-26T17:06:25Z, 2019-07-26T17:06:25Z
16003, 2019-06-27T02:06:47Z, 2019-09-03T16:26:42Z, 2019-09-03T16:26:42Z
15978, 2019-06-24T19:56:15Z, 2020-05-27T16:30:49Z, 2020-04-21T19:10:26Z
15930, 2019-06-19T23:18:33Z, 2019-06-21T18:33:11Z, 2019-06-21T18:33:11Z
15774, 2019-05-30T08:31:32Z, 2020-03-18T11:18:54Z, 2020-03-18T11:18:53Z
15739, 2019-05-25T12:18:13Z, 2022-11-02T12:24:40Z, None
15512, 2019-04-26T16:19:18Z, 2020-06-29T18:27:25Z, 2020-06-29T18:27:24Z
15484, 2019-04-24T10:27:18Z, 2022-03-30T00:07:35Z, 2022-03-30T00:07:34Z
15418, 2019-04-15T08:32:08Z, 2020-11-06T20:35:45Z, None
15356, 2019-04-09T01:03:14Z, 2023-04-16T15:27:20Z, 2019-04-12T22:56:02Z
15301, 2019-04-03T02:47:52Z, 2020-10-16T15:07:28Z, 2020-10-16T15:07:28Z
15219, 2019-03-27T00:53:53Z, 2020-10-16T15:07:28Z, 2020-10-16T15:07:28Z
15171, 2019-03-20T20:35:18Z, 2022-03-30T00:03:10Z, None
15113, 2019-03-14T20:31:59Z, 2019-03-15T15:14:01Z, 2019-03-15T15:14:01Z
15088, 2019-03-12T09:57:43Z, 2021-09-27T23:25:10Z, 2021-09-27T23:25:10Z
15075, 2019-03-09T22:31:03Z, 2019-03-24T07:32:37Z, 2019-03-24T07:32:37Z
15057, 2019-03-07T23:17:45Z, 2019-07-30T18:41:11Z, 2019-07-30T18:41:11Z
15039, 2019-03-06T16:54:36Z, 2020-09-03T02:51:41Z, None
15012, 2019-03-04T23:46:54Z, 2021-03-24T18:23:53Z, 2021-03-24T18:23:53Z
14980, 2019-02-28T17:35:45Z, 2022-04-29T21:13:22Z, 2022-04-29T21:13:22Z
14954, 2019-02-25T23:43:10Z, 2019-04-04T12:35:41Z, 2019-04-04T12:35:41Z
14910, 2019-02-21T07:35:02Z, 2019-02-21T18:44:25Z, 2019-02-21T18:44:24Z
14878, 2019-02-18T13:08:58Z, 2022-04-28T15:01:56Z, 2022-04-28T15:01:56Z
14861, 2019-02-15T13:23:25Z, 2019-02-21T18:31:53Z, 2019-02-21T18:31:53Z
14849, 2019-02-14T10:38:28Z, 2019-02-21T18:43:24Z, 2019-02-21T18:43:24Z
14848, 2019-02-14T10:31:20Z, 2019-02-14T20:10:13Z, 2019-02-14T20:10:12Z
14840, 2019-02-13T16:58:29Z, 2019-03-15T22:30:33Z, 2019-03-15T22:30:33Z
14812, 2019-02-10T15:31:37Z, 2019-02-21T18:45:11Z, 2019-02-21T18:45:11Z
14811, 2019-02-10T11:11:20Z, 2020-10-22T03:27:16Z, 2019-02-11T18:37:54Z
14792, 2019-02-08T00:09:18Z, 2019-02-20T19:29:51Z, 2019-02-12T20:18:36Z
14790, 2019-02-07T20:40:39Z, 2019-02-14T19:26:59Z, 2019-02-14T19:26:58Z
14782, 2019-02-07T00:43:31Z, 2019-02-14T19:25:58Z, 2019-02-11T18:42:28Z
14694, 2019-01-24T18:42:29Z, 2019-02-04T15:19:29Z, None
14674, 2019-01-23T17:09:59Z, 2019-02-08T16:58:49Z, 2019-02-08T16:58:49Z
14535, 2019-01-05T21:56:43Z, 2021-03-25T23:42:40Z, 2021-03-25T23:42:40Z
14502, 2018-12-29T00:11:27Z, 2019-02-21T21:16:12Z, 2019-02-21T21:16:12Z
14475, 2018-12-20T11:38:28Z, 2019-01-18T09:26:11Z, 2019-01-18T09:26:11Z
14452, 2018-12-17T15:10:19Z, 2021-03-24T18:02:26Z, 2021-03-24T18:02:26Z
14442, 2018-12-14T18:00:51Z, 2020-03-18T11:19:36Z, 2020-03-18T11:19:36Z
14434, 2018-12-13T15:00:16Z, 2020-04-07T11:42:23Z, 2019-09-07T10:00:45Z
14362, 2018-11-30T14:11:12Z, 2019-01-25T17:06:34Z, 2019-01-25T17:06:34Z
14360, 2018-11-30T01:29:19Z, 2018-11-30T15:02:52Z, 2018-11-30T15:02:20Z
14356, 2018-11-29T13:22:22Z, 2020-06-18T19:51:13Z, None
14352, 2018-11-28T21:31:23Z, 2018-12-03T19:41:53Z, 2018-12-01T21:03:20Z
14331, 2018-11-26T22:21:48Z, 2018-11-27T13:09:13Z, 2018-11-27T13:01:00Z
14310, 2018-11-22T17:55:14Z, 2018-11-22T19:40:43Z, 2018-11-22T19:40:43Z
14241, 2018-11-15T16:43:50Z, 2018-11-19T20:47:39Z, 2018-11-19T20:47:39Z
14239, 2018-11-15T12:25:06Z, 2019-03-22T16:56:20Z, 2019-03-14T21:40:10Z
14222, 2018-11-13T19:52:49Z, 2018-11-13T21:48:50Z, 2018-11-13T21:48:50Z
14220, 2018-11-13T17:30:14Z, 2018-12-20T11:33:54Z, 2018-12-14T19:03:24Z
14213, 2018-11-13T08:26:59Z, 2018-11-15T03:06:55Z, None
14188, 2018-11-11T03:53:37Z, 2019-09-03T08:52:57Z, 2019-04-09T14:53:30Z
14170, 2018-11-09T07:27:53Z, 2022-03-20T18:30:15Z, None
14159, 2018-11-08T23:48:09Z, 2018-11-29T20:06:28Z, 2018-11-29T20:06:28Z
14097, 2018-11-05T14:18:01Z, 2018-11-11T13:57:41Z, 2018-11-11T13:24:47Z
14073, 2018-11-02T11:57:22Z, 2021-03-31T22:20:28Z, 2018-11-06T00:32:51Z
14013, 2018-10-28T22:44:36Z, 2018-11-06T00:32:51Z, 2018-11-06T00:32:51Z
14012, 2018-10-28T21:22:06Z, 2020-06-29T18:50:09Z, 2020-06-29T18:50:08Z
14002, 2018-10-27T19:09:31Z, 2019-03-28T07:18:26Z, 2019-03-20T13:11:54Z
13960, 2018-10-25T00:03:31Z, 2018-11-06T19:54:15Z, 2018-11-06T19:54:15Z
13798, 2018-10-10T14:07:16Z, 2019-01-29T20:48:00Z, None
13777, 2018-10-04T22:20:19Z, 2018-10-09T08:27:07Z, 2018-10-09T08:27:07Z
13688, 2018-09-19T13:49:45Z, 2018-09-25T15:24:23Z, 2018-09-25T15:24:23Z
13648, 2018-09-14T08:15:25Z, 2018-09-14T15:44:15Z, 2018-09-14T15:44:15Z
13634, 2018-09-13T01:10:45Z, 2018-09-14T00:44:37Z, 2018-09-14T00:44:08Z
13610, 2018-09-10T17:13:49Z, 2018-09-13T18:38:14Z, 2018-09-13T18:38:14Z
13574, 2018-09-05T22:43:34Z, 2018-09-25T16:28:07Z, 2018-09-25T16:27:42Z
13512, 2018-08-29T19:29:58Z, 2018-09-02T00:58:46Z, 2018-09-01T19:00:00Z
13510, 2018-08-29T18:42:47Z, 2018-08-30T00:45:54Z, 2018-08-30T00:45:54Z
13425, 2018-08-17T16:48:43Z, 2018-08-17T17:13:47Z, 2018-08-17T17:13:47Z
13424, 2018-08-17T16:41:41Z, 2022-02-23T20:39:48Z, None
13309, 2018-08-02T14:42:49Z, 2018-08-08T16:42:54Z, 2018-08-08T16:42:54Z
13222, 2018-07-17T10:29:34Z, 2018-08-03T17:05:26Z, 2018-08-03T17:05:26Z
13188, 2018-07-10T21:08:48Z, 2018-08-02T17:16:56Z, 2018-08-02T17:16:56Z
13150, 2018-07-04T18:43:22Z, 2019-01-29T07:25:39Z, 2018-07-06T23:04:46Z
13141, 2018-07-03T07:38:43Z, 2018-07-03T16:47:40Z, 2018-07-03T16:47:40Z
13000, 2018-06-08T15:02:08Z, 2018-06-09T01:08:20Z, 2018-06-09T01:08:20Z
12968, 2018-06-02T11:04:11Z, 2018-06-13T16:56:04Z, 2018-06-13T16:56:04Z
12964, 2018-06-01T21:11:00Z, 2018-08-03T23:34:56Z, 2018-06-11T13:43:31Z
12926, 2018-05-29T16:00:41Z, 2019-12-26T04:37:33Z, 2018-05-31T21:23:27Z
12872, 2018-05-21T01:28:08Z, 2018-08-16T14:19:05Z, 2018-08-16T14:19:05Z
12830, 2018-05-16T19:03:06Z, 2018-05-16T21:15:34Z, 2018-05-16T21:11:47Z
12796, 2018-05-14T02:27:42Z, 2018-08-07T01:31:20Z, 2018-08-06T19:27:04Z
12765, 2018-05-08T14:15:22Z, 2018-07-04T20:01:40Z, 2018-07-04T20:01:40Z
12748, 2018-05-05T10:16:23Z, 2018-08-02T19:20:39Z, 2018-08-02T19:20:39Z
12717, 2018-04-29T14:27:00Z, 2018-08-06T23:10:50Z, None
12694, 2018-04-26T06:50:06Z, 2018-05-24T01:23:24Z, 2018-04-28T19:52:31Z
12693, 2018-04-26T02:47:56Z, 2023-10-17T02:28:22Z, 2018-05-01T18:55:28Z
12688, 2018-04-25T14:16:43Z, 2018-05-24T01:23:10Z, 2018-04-26T18:47:35Z
12686, 2018-04-25T06:19:03Z, 2018-04-28T00:55:04Z, 2018-04-28T00:52:49Z
12651, 2018-04-19T18:14:40Z, 2018-04-19T19:05:25Z, 2018-04-19T19:05:20Z
12643, 2018-04-18T17:20:25Z, 2018-08-17T17:14:20Z, 2018-08-17T16:49:44Z
12615, 2018-04-15T07:50:53Z, 2024-01-20T17:01:49Z, None
12551, 2018-04-05T09:18:08Z, 2018-05-24T01:22:31Z, 2018-04-26T19:59:18Z
12540, 2018-04-04T17:01:55Z, 2018-04-04T21:30:14Z, 2018-04-04T20:54:28Z
12506, 2018-03-31T14:45:51Z, 2018-06-13T17:00:13Z, 2018-06-11T13:35:43Z
12500, 2018-03-31T11:00:44Z, 2018-06-06T08:51:31Z, 2018-04-01T00:14:37Z
12497, 2018-03-30T21:45:40Z, 2018-04-03T23:37:04Z, 2018-04-01T00:35:37Z
12474, 2018-03-28T15:03:46Z, 2018-03-29T01:18:10Z, 2018-03-29T01:18:10Z
12449, 2018-03-24T19:24:03Z, 2018-05-04T20:35:30Z, 2018-04-03T23:36:53Z
12363, 2018-03-13T17:38:08Z, 2024-03-11T14:48:22Z, None
12349, 2018-03-09T09:16:39Z, 2018-03-12T17:43:50Z, 2018-03-12T17:42:17Z
12334, 2018-03-06T10:30:40Z, 2022-03-26T11:16:42Z, None
12299, 2018-02-27T02:55:05Z, 2018-03-21T09:42:32Z, 2018-03-21T09:42:32Z
12246, 2018-02-18T23:59:08Z, 2018-03-29T03:33:53Z, 2018-03-29T00:44:59Z
12245, 2018-02-18T22:00:04Z, 2018-02-19T21:59:03Z, 2018-02-19T21:59:03Z
12218, 2018-02-12T22:13:26Z, 2018-03-12T21:23:47Z, 2018-03-12T21:23:47Z
12200, 2018-02-09T19:47:53Z, 2018-08-03T17:10:42Z, 2018-08-03T17:10:41Z
12182, 2018-02-08T06:34:51Z, 2018-02-08T22:35:40Z, 2018-02-08T22:23:42Z
12150, 2018-02-04T18:59:20Z, 2018-02-16T19:27:21Z, 2018-02-16T19:27:21Z
12106, 2018-01-27T15:52:20Z, 2018-01-27T23:03:56Z, 2018-01-27T23:03:55Z
12072, 2018-01-22T17:45:57Z, 2018-09-14T23:09:07Z, 2018-09-14T23:09:07Z
12062, 2018-01-20T17:17:02Z, 2018-06-13T16:59:33Z, 2018-05-30T11:08:22Z
12009, 2018-01-11T23:50:47Z, 2018-01-12T02:03:49Z, 2018-01-12T02:03:48Z
11964, 2018-01-04T22:38:24Z, 2018-01-05T18:44:45Z, 2018-01-05T18:44:45Z
11955, 2018-01-03T15:16:26Z, 2018-01-07T20:15:43Z, 2018-01-07T20:15:43Z
11918, 2017-12-24T17:20:21Z, 2018-08-18T01:11:01Z, 2018-08-18T01:10:20Z
11916, 2017-12-23T10:00:50Z, 2018-04-04T14:29:38Z, 2018-04-04T10:18:36Z
11911, 2017-12-22T12:10:29Z, 2020-03-26T08:35:54Z, 2018-08-01T15:16:35Z
11881, 2017-12-18T18:21:42Z, 2023-03-21T21:15:48Z, None
11877, 2017-12-18T11:29:42Z, 2019-03-25T23:38:32Z, None
11862, 2017-12-15T12:26:55Z, 2018-01-05T18:49:58Z, 2018-01-05T18:49:58Z
11827, 2017-12-11T16:08:07Z, 2022-05-12T17:31:15Z, 2021-04-30T17:49:32Z
11826, 2017-12-11T13:20:59Z, 2021-04-19T13:10:23Z, None
11808, 2017-12-08T07:36:53Z, 2018-01-02T16:02:23Z, 2018-01-02T16:02:23Z
11807, 2017-12-08T02:20:24Z, 2018-09-04T13:56:19Z, 2018-09-04T13:26:52Z
11795, 2017-12-07T16:52:54Z, 2017-12-10T19:13:57Z, 2017-12-10T02:06:42Z
11789, 2017-12-07T00:21:56Z, 2018-08-09T17:05:06Z, 2018-08-09T17:05:06Z
11761, 2017-12-04T14:51:21Z, 2018-01-05T18:08:22Z, 2018-01-05T18:08:21Z
11759, 2017-12-04T08:56:34Z, 2018-01-31T11:13:41Z, 2017-12-11T03:25:29Z
11734, 2017-12-01T01:01:08Z, 2024-05-26T05:33:04Z, None
11726, 2017-11-30T19:53:33Z, 2017-12-06T15:23:37Z, 2017-12-06T15:23:37Z
11692, 2017-11-28T21:36:13Z, 2017-11-29T22:09:06Z, 2017-11-29T21:45:53Z
11687, 2017-11-28T20:33:31Z, 2018-08-14T20:35:31Z, 2018-08-14T20:35:31Z
11678, 2017-11-27T23:55:54Z, 2022-03-29T23:08:09Z, 2022-03-29T23:08:09Z
11674, 2017-11-27T21:29:06Z, 2018-08-30T23:27:11Z, None
11609, 2017-11-21T14:24:38Z, 2022-03-29T23:08:23Z, 2022-03-29T23:08:23Z
11602, 2017-11-20T21:02:01Z, 2018-08-02T01:47:07Z, 2018-08-02T01:47:07Z
11532, 2017-11-12T11:12:05Z, 2018-01-08T13:22:19Z, 2018-01-05T21:09:52Z
11496, 2017-11-09T00:35:37Z, 2019-12-02T05:42:05Z, 2017-11-28T15:08:09Z
11441, 2017-11-03T14:22:34Z, 2017-11-03T16:16:56Z, 2017-11-03T16:16:56Z
11396, 2017-10-30T03:25:08Z, 2018-08-16T15:38:49Z, 2018-08-16T15:38:49Z
11379, 2017-10-26T22:46:34Z, 2018-08-16T23:22:17Z, 2018-08-16T23:22:17Z
11348, 2017-10-24T12:35:22Z, 2017-10-24T16:11:04Z, 2017-10-24T16:11:04Z
11254, 2017-10-17T18:22:14Z, 2017-10-23T18:18:12Z, 2017-10-23T18:18:12Z
11236, 2017-10-16T15:10:37Z, 2017-11-03T08:04:42Z, 2017-10-18T13:54:06Z
11207, 2017-10-12T14:32:20Z, 2017-10-14T03:14:29Z, 2017-10-14T03:14:19Z
11161, 2017-10-09T17:10:11Z, 2017-11-03T00:54:50Z, 2017-10-10T13:22:17Z
11159, 2017-10-09T15:48:25Z, 2017-10-11T18:05:49Z, 2017-10-11T18:05:49Z
11152, 2017-10-09T09:57:11Z, 2017-11-03T08:18:42Z, 2017-10-09T19:30:27Z
11103, 2017-10-05T00:58:59Z, 2018-06-20T15:46:25Z, 2017-10-05T19:59:44Z
11067, 2017-10-03T15:57:39Z, 2018-01-02T15:24:02Z, 2018-01-02T15:24:02Z
11058, 2017-10-03T00:28:54Z, 2017-12-12T01:15:37Z, 2017-12-12T01:11:54Z
11017, 2017-10-01T23:33:20Z, 2017-11-07T15:31:25Z, 2017-10-02T19:50:15Z
11010, 2017-10-01T14:57:47Z, 2017-11-03T00:53:18Z, 2017-10-10T15:54:59Z
10993, 2017-09-30T18:25:41Z, 2017-10-10T23:58:15Z, 2017-10-10T18:35:44Z
10987, 2017-09-30T10:24:07Z, 2017-11-09T16:44:28Z, 2017-10-02T17:52:26Z
10909, 2017-09-28T08:38:42Z, 2017-11-03T00:49:10Z, 2017-09-29T11:48:33Z
10906, 2017-09-28T07:06:35Z, 2018-11-20T20:55:15Z, 2017-10-09T19:30:04Z
10888, 2017-09-27T18:05:07Z, 2017-10-02T15:57:31Z, 2017-10-02T15:57:31Z
10871, 2017-09-27T13:18:30Z, 2019-04-08T21:40:50Z, None
10831, 2017-09-26T14:12:57Z, 2017-11-16T13:19:07Z, 2017-09-28T19:40:27Z
10772, 2017-09-21T16:05:03Z, 2017-11-03T03:37:01Z, 2017-10-10T18:34:38Z
10657, 2017-09-09T15:23:08Z, 2023-10-31T11:06:03Z, None
10616, 2017-09-06T08:21:34Z, 2017-10-03T15:29:58Z, 2017-10-03T15:29:58Z
10598, 2017-09-02T22:53:32Z, 2017-11-06T01:01:23Z, 2017-10-05T19:05:00Z
10515, 2017-08-23T05:42:46Z, 2018-01-05T21:10:21Z, 2018-01-05T21:10:21Z
10415, 2017-08-09T00:32:12Z, 2020-03-09T19:34:14Z, 2017-08-13T23:17:46Z
10363, 2017-08-02T22:16:13Z, 2018-02-13T08:56:24Z, 2017-08-03T01:16:42Z
10360, 2017-08-02T19:51:33Z, 2017-08-04T00:47:31Z, 2017-08-04T00:42:19Z
10309, 2017-07-27T14:48:14Z, 2017-09-20T19:11:47Z, 2017-08-08T18:25:19Z
10299, 2017-07-27T04:15:09Z, 2017-07-27T17:09:13Z, 2017-07-27T09:19:06Z
10217, 2017-07-19T06:50:46Z, 2018-06-14T15:35:57Z, 2018-06-14T15:35:57Z
10196, 2017-07-16T17:32:05Z, 2017-07-18T15:31:06Z, 2017-07-18T15:31:06Z
10176, 2017-07-13T19:11:54Z, 2018-01-02T15:09:57Z, 2018-01-02T15:09:57Z
10140, 2017-07-11T06:46:11Z, 2017-07-13T22:56:03Z, 2017-07-13T22:56:03Z
10125, 2017-07-08T12:04:44Z, 2017-07-11T11:43:00Z, 2017-07-11T11:42:01Z
10116, 2017-07-06T03:15:59Z, 2017-09-18T21:16:25Z, 2017-09-17T14:31:24Z
10109, 2017-07-05T11:01:18Z, 2023-06-14T19:16:52Z, None
10100, 2017-07-03T21:17:44Z, 2017-07-12T17:55:20Z, 2017-07-12T17:55:19Z
10089, 2017-07-01T12:28:59Z, 2017-07-10T21:41:51Z, 2017-07-10T21:41:51Z
10078, 2017-06-30T08:27:03Z, 2017-10-04T20:06:56Z, 2017-10-04T20:06:56Z
10013, 2017-06-20T16:38:38Z, 2017-11-03T15:27:55Z, 2017-10-10T10:54:47Z
9999, 2017-06-19T05:50:17Z, 2024-03-01T20:44:13Z, None
9963, 2017-06-14T15:54:20Z, 2017-06-15T00:11:16Z, 2017-06-15T00:11:16Z
9956, 2017-06-14T11:29:56Z, 2017-11-24T10:42:40Z, 2017-06-15T00:11:24Z
9913, 2017-06-09T23:18:57Z, 2017-06-15T10:12:44Z, 2017-06-13T11:12:02Z
9901, 2017-06-08T22:50:56Z, 2017-10-04T17:24:35Z, 2017-10-04T17:24:23Z
9783, 2017-05-26T08:21:45Z, 2020-07-24T19:47:46Z, 2018-01-05T16:21:35Z
9667, 2017-05-11T19:46:50Z, 2017-09-22T23:08:44Z, 2017-09-22T23:08:44Z
9635, 2017-05-09T16:29:28Z, 2017-10-04T17:01:00Z, 2017-10-04T16:26:31Z
9627, 2017-05-09T00:31:55Z, 2017-06-13T23:41:50Z, 2017-06-12T19:22:16Z
9577, 2017-05-01T22:26:33Z, 2017-08-04T14:51:48Z, 2017-08-04T14:51:48Z
9561, 2017-04-29T20:31:21Z, 2017-06-05T22:52:15Z, 2017-06-05T22:52:14Z
9504, 2017-04-23T19:04:24Z, 2017-10-04T16:37:32Z, 2017-10-04T16:37:24Z
9402, 2017-04-11T10:54:25Z, 2023-08-29T00:25:24Z, None
9372, 2017-04-08T01:53:42Z, 2017-04-08T13:32:49Z, 2017-04-08T04:36:45Z
9361, 2017-04-07T13:06:18Z, 2017-09-11T15:42:37Z, 2017-09-11T15:42:37Z
9351, 2017-04-06T08:38:02Z, 2017-04-06T23:31:54Z, 2017-04-06T23:31:54Z
9315, 2017-04-02T04:25:39Z, 2017-04-02T22:48:26Z, 2017-04-02T18:29:19Z
9142, 2017-03-09T18:13:08Z, 2023-08-22T05:38:50Z, None
9102, 2017-03-03T05:41:09Z, 2018-05-06T09:21:13Z, 2017-04-27T12:13:28Z
9100, 2017-03-03T02:00:10Z, 2022-03-29T23:20:37Z, 2022-03-29T23:20:37Z
9038, 2017-02-21T21:49:33Z, 2017-10-31T11:48:09Z, 2017-10-31T11:48:09Z
9023, 2017-02-17T18:31:19Z, 2020-11-30T10:13:00Z, None
8938, 2017-02-07T01:29:52Z, 2024-02-25T15:37:49Z, None
8912, 2017-02-02T09:38:15Z, 2020-09-22T10:20:22Z, 2017-03-30T22:08:35Z
8902, 2017-01-31T15:44:33Z, 2017-10-04T16:38:27Z, 2017-10-04T16:38:27Z
8876, 2017-01-27T18:44:50Z, 2018-01-06T13:12:00Z, 2018-01-06T13:12:00Z
8789, 2017-01-14T18:39:32Z, 2017-01-20T01:29:06Z, 2017-01-20T01:29:06Z
8699, 2017-01-06T02:27:08Z, 2017-01-23T16:28:27Z, 2017-01-23T16:28:27Z
8683, 2017-01-04T17:46:39Z, 2018-08-29T17:10:24Z, 2018-08-29T17:10:24Z
8642, 2016-12-25T22:25:11Z, 2017-12-21T05:16:18Z, 2017-12-21T05:15:54Z
8576, 2016-12-14T21:46:00Z, 2017-10-04T16:03:23Z, 2017-10-04T16:03:22Z
8559, 2016-12-12T21:31:17Z, 2017-08-09T14:21:08Z, 2017-08-09T14:21:08Z
8554, 2016-12-12T16:36:48Z, 2019-04-23T21:02:55Z, 2017-07-12T00:11:46Z
8531, 2016-12-08T15:27:56Z, 2022-03-29T23:15:27Z, 2022-03-29T23:15:27Z
8514, 2016-12-07T12:33:02Z, 2020-09-30T02:44:24Z, None
8487, 2016-12-02T22:08:16Z, 2017-04-13T15:38:16Z, 2017-04-13T15:38:16Z
8423, 2016-11-26T00:52:03Z, 2022-03-29T23:19:54Z, 2022-03-29T23:19:16Z
8266, 2016-11-11T01:23:25Z, 2017-11-30T21:27:05Z, 2017-11-30T21:27:05Z
7838, 2016-09-30T12:47:27Z, 2017-10-04T16:09:09Z, 2017-10-04T16:09:09Z
7827, 2016-09-28T22:57:44Z, 2017-10-04T13:40:08Z, 2017-10-04T13:40:08Z
7769, 2016-09-19T20:56:27Z, 2019-06-18T12:33:12Z, None
7718, 2016-09-13T17:42:15Z, 2016-09-14T02:15:07Z, 2016-09-14T02:15:07Z
7711, 2016-09-13T11:28:53Z, 2021-08-25T15:44:55Z, None
7630, 2016-09-01T14:18:26Z, 2017-11-19T15:45:33Z, 2017-11-19T15:44:35Z
7593, 2016-08-28T12:35:58Z, 2017-10-04T12:27:18Z, 2017-10-04T12:27:18Z
7489, 2016-08-13T06:07:51Z, 2022-03-29T23:18:01Z, 2022-03-29T23:18:01Z
7440, 2016-08-08T07:29:28Z, 2017-10-04T12:14:55Z, 2017-10-04T12:14:55Z
7386, 2016-07-31T16:58:24Z, 2016-11-16T15:03:01Z, 2016-08-13T18:45:19Z
7350, 2016-07-25T15:22:56Z, 2016-08-22T19:43:12Z, 2016-08-22T19:42:33Z
7328, 2016-07-21T12:26:25Z, 2018-08-29T23:50:29Z, None
7295, 2016-07-18T01:48:12Z, 2018-06-25T18:49:38Z, 2018-06-25T18:49:38Z
7290, 2016-07-15T21:29:21Z, 2017-10-04T13:46:00Z, 2017-10-04T05:59:13Z
7281, 2016-07-14T15:54:47Z, 2022-03-29T23:17:46Z, 2022-03-29T23:17:45Z
7280, 2016-07-14T12:49:53Z, 2018-08-30T19:58:09Z, 2017-10-05T13:10:28Z
7240, 2016-07-10T10:25:38Z, 2016-08-23T22:23:11Z, 2016-08-19T19:02:21Z
7211, 2016-07-07T11:19:49Z, 2019-08-20T15:42:31Z, 2017-06-13T18:31:04Z
7187, 2016-07-05T10:37:50Z, 2016-10-07T09:45:50Z, 2016-08-20T23:29:39Z
7163, 2016-07-01T19:44:09Z, 2016-07-03T22:12:57Z, 2016-07-03T22:12:57Z
7135, 2016-06-28T04:08:47Z, 2019-10-20T11:39:57Z, None
7113, 2016-06-24T11:21:52Z, 2016-10-27T15:09:02Z, 2016-10-27T15:09:02Z
7099, 2016-06-22T08:17:01Z, 2016-07-13T20:28:24Z, 2016-07-13T20:28:24Z
7027, 2016-06-13T11:10:25Z, 2018-08-29T16:27:52Z, 2016-06-16T15:30:07Z
7024, 2016-06-12T19:18:06Z, 2018-08-21T21:26:00Z, 2018-07-15T02:28:34Z
6951, 2016-06-02T12:57:36Z, 2021-02-12T12:37:27Z, None
6949, 2016-06-02T08:54:41Z, 2017-06-08T13:57:45Z, 2016-08-24T18:20:51Z
6927, 2016-05-31T06:40:13Z, 2022-03-29T23:05:57Z, 2022-03-29T23:05:57Z
6880, 2016-05-25T23:33:32Z, 2016-06-14T23:47:33Z, 2016-05-26T00:41:25Z
6879, 2016-05-25T23:07:00Z, 2016-05-26T00:41:32Z, 2016-05-26T00:41:32Z
6871, 2016-05-25T17:57:23Z, 2016-06-06T18:37:55Z, 2016-06-06T18:37:55Z
6842, 2016-05-23T13:26:11Z, 2016-07-19T18:43:25Z, 2016-07-19T18:43:25Z
6782, 2016-05-16T13:23:47Z, 2016-05-16T17:41:18Z, 2016-05-16T17:41:18Z
6779, 2016-05-16T08:07:06Z, 2020-01-10T09:05:45Z, 2016-06-09T14:58:42Z
6556, 2016-04-20T19:53:34Z, 2018-08-02T22:37:40Z, 2017-10-03T23:51:30Z
6541, 2016-04-18T14:35:13Z, 2022-10-26T12:19:31Z, None
6489, 2016-04-11T23:58:42Z, 2018-01-02T14:17:24Z, 2018-01-02T14:17:24Z
6446, 2016-04-08T01:10:24Z, 2016-04-08T01:11:38Z, 2016-04-08T01:11:22Z
6441, 2016-04-07T22:08:21Z, 2018-11-08T05:46:49Z, 2016-07-23T01:38:29Z
6423, 2016-04-06T11:57:00Z, 2016-07-08T17:52:14Z, 2016-07-08T17:52:14Z
6371, 2016-03-29T16:35:37Z, 2016-08-03T00:47:45Z, 2016-04-29T21:02:51Z
6368, 2016-03-29T14:34:03Z, 2019-08-07T10:45:19Z, 2018-07-15T02:12:22Z
6348, 2016-03-26T18:25:22Z, 2020-02-26T21:03:27Z, 2018-11-09T23:21:48Z
6324, 2016-03-23T18:49:27Z, 2017-10-03T23:32:45Z, 2017-10-03T23:32:45Z
6304, 2016-03-20T11:47:51Z, 2016-08-03T00:47:45Z, 2016-03-20T14:53:46Z
6288, 2016-03-17T20:35:31Z, 2016-03-18T22:24:18Z, 2016-03-18T22:24:18Z
6284, 2016-03-17T12:58:47Z, 2020-04-16T02:43:04Z, None
6246, 2016-03-11T11:10:38Z, 2016-08-03T00:43:18Z, 2016-03-11T19:05:43Z
6219, 2016-03-08T19:07:06Z, 2016-04-08T08:11:05Z, 2016-04-05T20:27:13Z
6217, 2016-03-08T18:46:34Z, 2017-11-21T14:12:50Z, None
6209, 2016-03-08T09:23:02Z, 2016-03-11T07:36:36Z, 2016-03-11T07:36:36Z
6027, 2016-02-12T19:46:38Z, 2016-02-13T21:23:53Z, 2016-02-13T21:23:53Z
5990, 2016-02-06T03:43:48Z, 2017-09-27T22:05:17Z, 2017-09-27T14:51:03Z
5929, 2016-01-28T18:23:20Z, 2016-09-15T20:22:58Z, 2016-02-19T22:53:38Z
5848, 2016-01-13T22:09:28Z, 2018-01-05T21:19:18Z, 2018-01-05T21:19:18Z
5700, 2015-12-21T16:28:31Z, 2022-08-27T21:55:57Z, None
5383, 2015-11-04T00:44:01Z, 2016-08-18T22:33:07Z, 2016-08-18T22:33:07Z
5121, 2015-10-10T14:40:55Z, 2015-10-11T22:01:20Z, 2015-10-11T22:01:20Z
4856, 2015-09-12T11:13:28Z, 2015-09-16T19:02:39Z, 2015-09-16T19:02:39Z
4854, 2015-09-11T20:48:01Z, 2018-08-21T21:25:59Z, 2018-07-15T02:00:56Z
4745, 2015-08-31T20:25:15Z, 2021-07-25T16:13:30Z, 2015-09-09T22:09:34Z
4672, 2015-08-20T21:40:35Z, 2018-08-21T21:25:59Z, 2018-07-15T21:41:48Z
4533, 2015-07-31T10:25:43Z, 2018-08-29T15:14:37Z, 2015-07-31T20:41:43Z
4511, 2015-07-28T19:20:07Z, 2015-07-29T01:49:52Z, 2015-07-29T01:49:51Z
4492, 2015-07-26T20:23:05Z, 2023-11-28T14:06:33Z, 2017-10-03T23:24:50Z
4388, 2015-07-15T15:20:01Z, 2015-07-29T01:41:00Z, 2015-07-29T01:41:00Z
4333, 2015-07-09T23:03:32Z, 2015-07-09T23:13:14Z, 2015-07-09T23:13:14Z
4323, 2015-07-09T16:55:35Z, 2016-08-03T00:43:17Z, 2015-07-09T21:23:07Z
4316, 2015-07-08T15:21:58Z, 2018-01-05T21:24:16Z, 2018-01-05T21:24:16Z
4251, 2015-06-29T16:05:38Z, 2020-07-20T17:18:58Z, 2020-02-26T21:08:55Z
3926, 2015-05-21T06:30:30Z, 2024-01-11T03:36:37Z, None
3799, 2015-05-01T10:45:32Z, 2016-02-10T23:24:25Z, 2016-02-10T23:24:25Z
3792, 2015-04-30T15:56:13Z, 2015-04-30T18:17:48Z, 2015-04-30T18:17:43Z
3790, 2015-04-30T09:32:37Z, 2015-09-22T16:54:04Z, 2015-09-22T16:54:04Z
3751, 2015-04-26T23:20:12Z, 2020-08-10T17:56:47Z, 2020-08-10T17:56:47Z
3713, 2015-04-21T21:13:15Z, 2015-04-30T07:09:33Z, 2015-04-30T07:09:33Z
3659, 2015-04-13T10:42:18Z, 2018-08-26T12:49:53Z, 2017-08-10T11:39:30Z
3606, 2015-04-07T09:06:01Z, 2015-04-07T20:13:31Z, 2015-04-07T20:13:31Z
3418, 2015-03-15T18:50:25Z, 2015-08-25T16:49:11Z, 2015-05-08T20:16:43Z
3344, 2015-03-08T18:33:55Z, 2018-05-28T16:32:12Z, 2018-05-28T16:32:12Z
3340, 2015-03-07T01:34:57Z, 2015-03-09T20:27:14Z, 2015-03-09T20:27:14Z
3328, 2015-03-05T20:51:21Z, 2015-03-09T20:43:26Z, 2015-03-09T20:43:26Z
3313, 2015-03-04T22:29:30Z, 2015-03-05T09:57:14Z, 2015-03-05T09:57:14Z
3302, 2015-03-03T03:20:07Z, 2015-08-14T17:34:27Z, 2015-03-11T18:11:47Z
3298, 2015-03-02T14:48:04Z, 2018-04-05T23:42:22Z, 2017-04-21T21:22:58Z
3225, 2015-02-22T00:38:29Z, 2015-06-18T18:28:49Z, 2015-06-18T18:28:49Z
3146, 2015-02-14T01:51:17Z, 2017-05-12T07:53:52Z, 2017-05-12T07:53:52Z
2988, 2015-01-30T21:38:23Z, 2016-04-02T22:03:37Z, 2016-04-02T22:03:37Z
2770, 2014-12-23T23:20:08Z, 2015-11-03T04:03:16Z, 2015-09-10T05:09:34Z
2682, 2014-12-09T12:00:03Z, 2017-07-11T22:17:49Z, 2017-07-11T22:17:49Z
2620, 2014-11-28T11:49:54Z, 2016-08-03T00:43:17Z, 2015-05-14T17:36:27Z
2576, 2014-11-20T20:55:53Z, 2016-10-27T14:12:02Z, 2016-10-27T14:12:02Z
2517, 2014-11-13T16:42:38Z, 2018-05-08T02:14:45Z, 2018-01-25T12:19:53Z
2407, 2014-10-24T11:42:39Z, 2015-08-20T00:38:33Z, 2015-08-20T00:38:33Z
2380, 2014-10-19T14:37:15Z, 2016-03-18T21:45:21Z, 2016-03-18T21:45:21Z
2353, 2014-10-15T13:01:47Z, 2014-11-15T20:48:43Z, 2014-11-15T20:47:08Z
2331, 2014-10-12T20:45:57Z, 2016-10-27T14:15:55Z, 2016-10-27T14:15:55Z
2311, 2014-10-09T01:02:47Z, 2016-03-26T19:21:39Z, 2016-03-26T19:21:39Z
2298, 2014-10-07T10:03:49Z, 2015-10-15T16:49:45Z, 2015-07-08T22:10:36Z
2266, 2014-09-28T09:55:33Z, 2015-04-28T23:00:05Z, 2015-03-10T22:24:00Z
2250, 2014-09-26T11:58:32Z, 2022-05-02T19:47:56Z, 2015-09-01T18:33:01Z
2249, 2014-09-26T09:58:54Z, 2014-10-25T11:08:18Z, 2014-10-25T11:08:16Z
2247, 2014-09-26T05:31:46Z, 2015-04-14T20:35:08Z, 2015-04-13T22:45:13Z
2242, 2014-09-25T12:25:49Z, 2016-03-26T18:56:21Z, 2016-03-26T18:56:20Z
2203, 2014-09-17T15:09:31Z, 2014-09-29T22:51:07Z, 2014-09-29T22:51:07Z
2193, 2014-09-15T04:41:21Z, 2018-06-25T18:11:25Z, None
2185, 2014-09-12T16:15:25Z, 2016-04-15T21:37:26Z, 2016-04-15T21:37:26Z
2182, 2014-09-11T22:16:20Z, 2015-10-23T16:26:34Z, 2015-10-23T16:26:34Z
2164, 2014-09-09T02:39:05Z, 2014-12-30T15:34:44Z, 2014-12-30T15:34:44Z
2160, 2014-09-08T01:18:58Z, 2014-09-08T01:49:13Z, 2014-09-08T01:49:13Z
2136, 2014-09-03T14:40:15Z, 2015-10-14T20:51:20Z, 2015-10-14T20:51:20Z
2135, 2014-09-03T13:34:13Z, 2015-02-04T12:47:55Z, 2015-02-04T12:47:54Z
2005, 2014-08-06T11:47:28Z, 2017-10-01T23:47:30Z, 2017-10-01T23:47:30Z
1998, 2014-08-05T09:53:36Z, 2014-10-15T06:08:55Z, 2014-10-15T06:08:55Z
1962, 2014-07-30T16:54:33Z, 2014-09-29T23:15:48Z, 2014-09-29T23:15:48Z
1955, 2014-07-29T22:19:52Z, 2014-09-29T23:17:31Z, 2014-09-29T23:17:31Z
1939, 2014-07-26T21:10:14Z, 2016-03-31T14:59:47Z, 2015-09-10T05:10:19Z
1920, 2014-07-24T09:47:57Z, 2017-07-06T23:37:35Z, 2017-07-06T23:37:35Z
1905, 2014-07-21T22:10:15Z, 2016-03-14T22:37:08Z, 2016-03-14T22:37:08Z
1839, 2014-07-15T20:48:37Z, 2015-02-27T23:37:32Z, 2015-02-27T23:37:32Z
1782, 2014-07-03T02:08:59Z, 2015-01-23T02:13:52Z, 2015-01-23T02:13:52Z
1740, 2014-06-25T04:11:16Z, 2016-07-19T07:36:08Z, 2015-07-15T12:52:54Z
1718, 2014-06-18T21:09:06Z, 2019-07-05T07:10:39Z, 2015-04-29T09:00:32Z
1698, 2014-06-16T21:45:53Z, 2015-02-12T21:02:10Z, 2014-07-30T03:15:59Z
1593, 2014-05-24T00:05:32Z, 2015-11-25T23:02:46Z, 2015-11-25T23:02:46Z
1569, 2014-05-19T21:53:45Z, 2015-11-18T18:51:20Z, 2015-11-18T18:51:20Z
1478, 2014-05-02T19:00:32Z, 2015-04-01T21:52:12Z, 2015-04-01T21:52:12Z
1471, 2014-05-01T12:18:43Z, 2018-05-30T22:37:59Z, 2016-04-15T21:37:26Z
1398, 2014-04-11T11:16:02Z, 2015-04-07T23:49:10Z, 2015-04-07T23:49:10Z
1392, 2014-04-10T05:08:24Z, 2014-10-23T01:01:30Z, 2014-10-23T01:01:30Z
1263, 2014-03-17T08:02:36Z, 2014-03-28T14:41:01Z, 2014-03-28T01:50:28Z
1253, 2014-03-12T21:35:00Z, 2024-04-12T06:47:45Z, None
1252, 2014-03-12T21:33:49Z, 2017-11-03T16:16:28Z, 2017-11-03T16:16:28Z
1232, 2014-03-07T15:52:15Z, 2015-12-07T04:43:54Z, 2015-07-20T23:57:01Z
1169, 2014-02-24T16:45:33Z, 2021-09-14T00:04:10Z, 2015-03-10T22:31:38Z
1159, 2014-02-22T02:05:11Z, 2024-06-21T06:13:44Z, None
996, 2014-01-30T10:32:44Z, 2017-07-12T02:21:23Z, 2017-07-12T02:21:23Z
858, 2014-01-09T22:58:14Z, 2022-07-18T15:02:07Z, 2017-10-01T22:17:29Z
856, 2014-01-09T19:59:23Z, 2014-01-28T02:01:18Z, 2014-01-28T02:01:18Z
837, 2014-01-07T22:19:52Z, 2014-02-13T07:55:20Z, 2014-02-13T07:55:20Z
836, 2014-01-07T22:10:48Z, 2014-01-18T06:32:24Z, 2014-01-18T06:32:24Z
789, 2014-01-03T00:03:52Z, 2014-07-10T06:56:57Z, 2014-01-07T00:16:36Z
747, 2013-12-30T18:53:34Z, 2014-06-18T19:56:18Z, 2014-01-06T04:41:49Z
643, 2013-12-08T00:02:10Z, 2014-06-12T13:27:28Z, 2014-01-06T04:41:36Z
633, 2013-12-04T20:42:43Z, 2014-12-10T22:33:37Z, 2014-12-10T22:33:37Z
632, 2013-12-04T20:02:19Z, 2014-09-23T23:45:27Z, 2014-09-23T23:45:27Z
631, 2013-12-04T19:27:34Z, 2017-11-07T15:23:16Z, 2014-01-03T19:20:22Z
615, 2013-11-26T13:07:54Z, 2014-01-02T20:09:27Z, 2014-01-02T20:09:27Z
590, 2013-11-23T04:24:21Z, 2013-12-26T06:15:14Z, 2013-12-26T06:15:14Z
554, 2013-11-17T00:10:15Z, 2017-11-24T21:17:42Z, 2016-04-15T21:37:26Z
532, 2013-11-13T23:09:44Z, 2013-11-25T17:29:53Z, 2013-11-25T17:29:53Z
531, 2013-11-13T23:07:29Z, 2014-01-06T18:08:15Z, 2014-01-06T18:08:15Z
519, 2013-11-11T22:57:36Z, 2014-02-19T18:58:55Z, 2014-02-19T18:58:55Z
518, 2013-11-11T22:57:02Z, 2014-06-20T07:42:45Z, 2014-06-20T07:42:45Z
517, 2013-11-11T22:29:48Z, 2014-02-19T18:58:55Z, 2014-02-19T18:58:55Z
515, 2013-11-11T22:26:07Z, 2014-01-06T18:16:06Z, 2014-01-06T18:16:06Z
496, 2013-11-09T01:00:11Z, 2013-11-13T23:15:53Z, 2013-11-13T22:53:24Z
473, 2013-11-05T19:07:15Z, 2013-11-07T06:56:20Z, 2013-11-07T06:56:20Z
441, 2013-10-22T05:23:53Z, 2016-08-03T00:43:34Z, 2015-01-08T00:47:38Z
427, 2013-10-15T21:01:09Z, 2018-08-04T00:07:24Z, 2018-08-04T00:07:23Z
358, 2013-09-18T19:05:26Z, 2013-10-11T23:46:30Z, 2013-10-11T23:46:30Z
302, 2013-08-30T21:20:37Z, 2014-08-20T01:42:19Z, 2013-10-15T19:25:45Z
264, 2013-08-14T16:24:14Z, 2014-05-05T14:15:26Z, 2013-08-25T18:34:36Z
250, 2013-08-05T00:56:13Z, 2014-01-03T08:32:22Z, 2013-08-18T04:50:15Z
242, 2013-07-30T03:19:58Z, 2013-09-07T20:54:59Z, 2013-09-07T20:54:59Z
229, 2013-07-24T17:42:08Z, 2014-08-12T06:45:13Z, 2013-09-23T22:31:19Z
215, 2013-07-19T19:15:07Z, 2013-07-19T23:35:43Z, 2013-07-19T23:35:43Z
183, 2013-07-10T23:17:50Z, 2016-01-13T22:19:43Z, 2014-02-15T23:49:29Z
166, 2013-07-05T23:00:19Z, 2013-07-05T23:18:09Z, 2013-07-05T23:18:09Z
137, 2013-06-28T21:15:11Z, 2013-07-01T20:54:17Z, 2013-07-01T20:54:17Z
